Date,Close,High,Low,Open,Volume
,PA=F,PA=F,PA=F,PA=F,PA=F
2020-08-10,2265.199951171875,2265.199951171875,2265.199951171875,2265.199951171875,0
2020-08-11,2171.60009765625,2171.60009765625,2171.60009765625,2171.60009765625,0
2020-08-12,2164.800048828125,2164.800048828125,2164.800048828125,2164.800048828125,0
2020-08-13,2213.39990234375,2213.39990234375,2213.39990234375,2213.39990234375,0
2020-08-14,2140.39990234375,2140.39990234375,2140.39990234375,2140.39990234375,0
2020-08-17,2230.39990234375,2230.39990234375,2230.39990234375,2230.39990234375,0
2020-08-18,2225.199951171875,2225.199951171875,2225.199951171875,2225.199951171875,1
2020-08-19,2176.0,2176.0,2162.0,2176.0,1
2020-08-20,2183.800048828125,2183.800048828125,2183.800048828125,2183.800048828125,1
2020-08-21,2177.199951171875,2177.199951171875,2177.199951171875,2177.199951171875,1
2020-08-24,2162.60009765625,2162.60009765625,2162.60009765625,2162.60009765625,1
2020-08-25,2169.300048828125,2169.300048828125,2169.300048828125,2169.300048828125,1
2020-08-26,2188.199951171875,2188.199951171875,2188.199951171875,2188.199951171875,1620
2020-08-27,2159.199951171875,2225.800048828125,2142.5,2189.10009765625,1111
2020-08-28,2197.800048828125,2201.0,2149.10009765625,2164.0,268
2020-08-31,2245.39990234375,2268.0,2204.39990234375,2207.699951171875,18
2020-09-01,2277.199951171875,2277.199951171875,2277.199951171875,2277.199951171875,0
2020-09-02,2242.89990234375,2242.89990234375,2242.89990234375,2242.89990234375,8
2020-09-03,2297.0,2297.0,2297.0,2297.0,0
2020-09-04,2318.60009765625,2318.60009765625,2285.0,2285.0,2
2020-09-08,2281.199951171875,2304.5,2281.10009765625,2300.0,11
2020-09-09,2294.0,2294.0,2294.0,2294.0,0
2020-09-10,2307.39990234375,2307.39990234375,2307.39990234375,2307.39990234375,0
2020-09-11,2313.10009765625,2313.10009765625,2313.10009765625,2313.10009765625,0
2020-09-14,2306.699951171875,2306.699951171875,2306.699951171875,2306.699951171875,1
2020-09-15,2396.300048828125,2396.300048828125,2396.300048828125,2396.300048828125,0
2020-09-16,2399.89990234375,2399.89990234375,2390.0,2399.89990234375,1
2020-09-17,2317.60009765625,2361.5,2317.60009765625,2361.5,1
2020-09-18,2364.0,2364.0,2364.0,2364.0,0
2020-09-21,2266.10009765625,2266.10009765625,2266.10009765625,2266.10009765625,1
2020-09-22,2216.0,2216.0,2216.0,2216.0,0
2020-09-23,2244.699951171875,2244.699951171875,2244.699951171875,2244.699951171875,1
2020-09-24,2213.0,2213.0,2210.60009765625,2210.60009765625,1
2020-09-25,2207.699951171875,2207.699951171875,2207.699951171875,2207.699951171875,1
2020-09-28,2258.5,2258.5,2258.5,2258.5,0
2020-09-29,2320.10009765625,2320.10009765625,2320.10009765625,2320.10009765625,0
2020-09-30,2321.300048828125,2321.300048828125,2321.300048828125,2321.300048828125,0
2020-10-01,2319.0,2319.0,2319.0,2319.0,0
2020-10-02,2315.800048828125,2315.800048828125,2315.800048828125,2315.800048828125,0
2020-10-05,2369.199951171875,2369.199951171875,2369.199951171875,2369.199951171875,0
2020-10-06,2382.0,2382.0,2382.0,2382.0,0
2020-10-07,2372.89990234375,2372.89990234375,2372.89990234375,2372.89990234375,0
2020-10-08,2393.800048828125,2393.800048828125,2393.800048828125,2393.800048828125,0
2020-10-09,2454.0,2454.0,2454.0,2454.0,0
2020-10-12,2416.39990234375,2416.39990234375,2416.39990234375,2416.39990234375,0
2020-10-13,2335.10009765625,2335.10009765625,2335.10009765625,2335.10009765625,0
2020-10-14,2357.10009765625,2357.10009765625,2357.10009765625,2357.10009765625,0
2020-10-15,2357.89990234375,2357.89990234375,2357.89990234375,2357.89990234375,0
2020-10-16,2333.10009765625,2333.10009765625,2333.10009765625,2333.10009765625,0
2020-10-19,2348.300048828125,2348.300048828125,2348.300048828125,2348.300048828125,0
2020-10-20,2408.5,2408.5,2408.5,2408.5,5
2020-10-21,2419.800048828125,2419.800048828125,2401.0,2406.0,14
2020-10-22,2388.60009765625,2388.60009765625,2388.60009765625,2388.60009765625,14
2020-10-23,2391.39990234375,2391.39990234375,2391.39990234375,2391.39990234375,14
2020-10-26,2361.89990234375,2361.89990234375,2361.89990234375,2361.89990234375,14
2020-10-27,2347.300048828125,2347.300048828125,2347.300048828125,2347.300048828125,14
2020-10-28,2244.300048828125,2244.300048828125,2244.300048828125,2244.300048828125,0
2020-10-29,2191.39990234375,2191.39990234375,2191.39990234375,2191.39990234375,0
2020-10-30,2210.300048828125,2210.300048828125,2210.300048828125,2210.300048828125,0
2020-11-02,2214.300048828125,2214.300048828125,2214.300048828125,2214.300048828125,0
2020-11-03,2292.39990234375,2292.39990234375,2292.39990234375,2292.39990234375,0
2020-11-04,2302.300048828125,2302.300048828125,2302.300048828125,2302.300048828125,0
2020-11-05,2378.300048828125,2378.300048828125,2378.300048828125,2378.300048828125,0
2020-11-06,2495.199951171875,2495.199951171875,2495.199951171875,2495.199951171875,0
2020-11-09,2494.60009765625,2494.60009765625,2494.60009765625,2494.60009765625,15
2020-11-10,2467.199951171875,2467.199951171875,2467.199951171875,2467.199951171875,25
2020-11-11,2312.89990234375,2312.89990234375,2312.89990234375,2312.89990234375,25
2020-11-12,2338.39990234375,2338.39990234375,2338.39990234375,2338.39990234375,25
2020-11-13,2326.300048828125,2326.300048828125,2326.300048828125,2326.300048828125,25
2020-11-16,2342.199951171875,2342.199951171875,2342.199951171875,2342.199951171875,25
2020-11-17,2323.60009765625,2323.60009765625,2323.60009765625,2323.60009765625,25
2020-11-18,2351.300048828125,2351.300048828125,2351.300048828125,2351.300048828125,25
2020-11-19,2317.39990234375,2317.39990234375,2317.39990234375,2317.39990234375,25
2020-11-20,2321.199951171875,2321.199951171875,2321.199951171875,2321.199951171875,25
2020-11-23,2351.800048828125,2351.800048828125,2351.800048828125,2351.800048828125,6
2020-11-24,2350.10009765625,2350.10009765625,2350.10009765625,2350.10009765625,6
2020-11-25,2341.60009765625,2341.60009765625,2341.60009765625,2341.60009765625,1334
2020-11-27,2424.39990234375,2428.5,2342.39990234375,2349.199951171875,536
2020-11-30,2392.800048828125,2420.5,2378.0,2417.300048828125,63
2020-12-01,2417.300048828125,2417.300048828125,2414.10009765625,2416.199951171875,2
2020-12-02,2397.39990234375,2397.39990234375,2393.0,2393.0,39
2020-12-03,2302.10009765625,2360.0,2225.10009765625,2360.0,71
2020-12-04,2345.800048828125,2355.0,2319.60009765625,2319.60009765625,7
2020-12-07,2339.89990234375,2339.89990234375,2339.89990234375,2339.89990234375,0
2020-12-08,2316.699951171875,2335.0,2316.699951171875,2335.0,2
2020-12-09,2280.300048828125,2298.5,2280.300048828125,2298.5,1
2020-12-10,2325.0,2333.5,2325.0,2332.0,5
2020-12-11,2322.10009765625,2341.0,2316.5,2331.0,6
2020-12-14,2307.89990234375,2307.89990234375,2307.89990234375,2307.89990234375,0
2020-12-15,2314.199951171875,2314.199951171875,2314.199951171875,2314.199951171875,0
2020-12-16,2338.699951171875,2338.699951171875,2327.5,2338.699951171875,4
2020-12-17,2338.0,2345.0,2335.0,2335.0,5
2020-12-18,2360.89990234375,2360.89990234375,2340.0,2340.0,9
2020-12-21,2304.39990234375,2390.0,2294.5,2375.0,9
2020-12-22,2311.10009765625,2311.10009765625,2311.10009765625,2311.10009765625,1
2020-12-23,2326.300048828125,2326.300048828125,2326.300048828125,2326.300048828125,1
2020-12-24,2333.10009765625,2333.10009765625,2333.10009765625,2333.10009765625,2
2020-12-28,2339.0,2339.0,2339.0,2339.0,2
2020-12-29,2331.5,2331.5,2331.5,2331.5,1
2020-12-30,2373.10009765625,2373.10009765625,2373.10009765625,2373.10009765625,1
2020-12-31,2448.5,2448.5,2448.5,2448.5,1
2021-01-04,2385.89990234375,2385.89990234375,2385.89990234375,2385.89990234375,1
2021-01-05,2488.10009765625,2488.10009765625,2488.10009765625,2488.10009765625,1
2021-01-06,2442.800048828125,2442.800048828125,2442.800048828125,2442.800048828125,1
2021-01-07,2426.300048828125,2426.300048828125,2426.300048828125,2426.300048828125,1
2021-01-08,2359.699951171875,2359.699951171875,2359.699951171875,2359.699951171875,1
2021-01-11,2373.5,2373.5,2373.5,2373.5,1
2021-01-12,2370.89990234375,2370.89990234375,2370.89990234375,2370.89990234375,1
2021-01-13,2391.800048828125,2391.800048828125,2391.800048828125,2391.800048828125,1
2021-01-14,2418.0,2418.0,2418.0,2418.0,1
2021-01-15,2389.800048828125,2389.800048828125,2389.800048828125,2389.800048828125,23
2021-01-19,2359.699951171875,2359.699951171875,2359.699951171875,2359.699951171875,0
2021-01-20,2397.89990234375,2397.89990234375,2397.89990234375,2397.89990234375,0
2021-01-21,2369.800048828125,2369.800048828125,2369.800048828125,2369.800048828125,0
2021-01-22,2359.89990234375,2359.89990234375,2359.89990234375,2359.89990234375,0
2021-01-25,2341.60009765625,2341.60009765625,2341.60009765625,2341.60009765625,0
2021-01-26,2319.699951171875,2319.699951171875,2319.699951171875,2319.699951171875,0
2021-01-27,2305.199951171875,2305.199951171875,2305.199951171875,2305.199951171875,0
2021-01-28,2321.0,2321.0,2321.0,2321.0,0
2021-01-29,2207.10009765625,2207.10009765625,2207.10009765625,2207.10009765625,0
2021-02-01,2240.39990234375,2240.39990234375,2240.39990234375,2240.39990234375,0
2021-02-02,2226.39990234375,2226.39990234375,2226.39990234375,2226.39990234375,0
2021-02-03,2275.300048828125,2275.300048828125,2275.300048828125,2275.300048828125,0
2021-02-04,2279.39990234375,2279.39990234375,2279.39990234375,2279.39990234375,0
2021-02-05,2325.0,2325.0,2325.0,2325.0,0
2021-02-08,2335.39990234375,2335.39990234375,2335.39990234375,2335.39990234375,0
2021-02-09,2319.300048828125,2319.300048828125,2319.300048828125,2319.300048828125,0
2021-02-10,2351.199951171875,2351.199951171875,2351.199951171875,2351.199951171875,0
2021-02-11,2345.699951171875,2345.699951171875,2345.699951171875,2345.699951171875,0
2021-02-12,2381.300048828125,2381.300048828125,2381.300048828125,2381.300048828125,0
2021-02-16,2386.89990234375,2386.89990234375,2386.89990234375,2386.89990234375,0
2021-02-17,2368.39990234375,2368.39990234375,2368.39990234375,2368.39990234375,0
2021-02-18,2347.5,2347.5,2347.5,2347.5,0
2021-02-19,2367.89990234375,2367.89990234375,2367.89990234375,2367.89990234375,0
2021-02-22,2390.800048828125,2390.800048828125,2390.800048828125,2390.800048828125,0
2021-02-23,2333.800048828125,2333.800048828125,2333.800048828125,2333.800048828125,30
2021-02-24,2420.800048828125,2420.800048828125,2420.800048828125,2420.800048828125,1514
2021-02-25,2407.300048828125,2480.0,2391.0,2438.0,401
2021-02-26,2310.10009765625,2418.0,2300.0,2382.0,63
2021-03-01,2344.60009765625,2347.5,2309.5,2310.0,14
2021-03-02,2365.199951171875,2365.199951171875,2365.199951171875,2365.199951171875,0
2021-03-03,2350.89990234375,2350.89990234375,2350.89990234375,2350.89990234375,6
2021-03-04,2339.10009765625,2339.10009765625,2339.10009765625,2339.10009765625,0
2021-03-05,2325.699951171875,2325.699951171875,2325.699951171875,2325.699951171875,0
2021-03-08,2310.5,2310.5,2310.5,2310.5,0
2021-03-09,2288.800048828125,2288.800048828125,2288.800048828125,2288.800048828125,0
2021-03-10,2289.0,2289.0,2289.0,2289.0,0
2021-03-11,2337.5,2337.5,2337.5,2337.5,0
2021-03-12,2356.60009765625,2356.60009765625,2356.60009765625,2356.60009765625,0
2021-03-15,2369.60009765625,2369.60009765625,2369.60009765625,2369.60009765625,0
2021-03-16,2487.800048828125,2487.800048828125,2465.0,2487.800048828125,1
2021-03-17,2533.800048828125,2533.800048828125,2533.800048828125,2533.800048828125,0
2021-03-18,2658.300048828125,2658.300048828125,2658.300048828125,2658.300048828125,0
2021-03-19,2626.60009765625,2626.60009765625,2626.60009765625,2626.60009765625,2
2021-03-22,2595.89990234375,2595.89990234375,2595.89990234375,2595.89990234375,0
2021-03-23,2612.60009765625,2626.5,2612.60009765625,2626.5,2
2021-03-24,2635.300048828125,2635.300048828125,2632.0,2632.0,1
2021-03-25,2610.699951171875,2635.0,2610.699951171875,2635.0,1
2021-03-26,2670.39990234375,2670.39990234375,2660.0,2660.0,3
2021-03-29,2525.0,2525.0,2525.0,2525.0,0
2021-03-30,2566.60009765625,2566.60009765625,2566.60009765625,2566.60009765625,0
2021-03-31,2617.5,2617.5,2617.5,2617.5,0
2021-04-01,2653.39990234375,2653.39990234375,2653.39990234375,2653.39990234375,0
2021-04-05,2652.300048828125,2652.300048828125,2652.300048828125,2652.300048828125,0
2021-04-06,2687.800048828125,2687.800048828125,2687.800048828125,2687.800048828125,0
2021-04-07,2618.699951171875,2618.699951171875,2618.699951171875,2618.699951171875,0
2021-04-08,2623.0,2623.0,2623.0,2623.0,0
2021-04-09,2630.699951171875,2630.699951171875,2630.699951171875,2630.699951171875,0
2021-04-12,2666.60009765625,2666.60009765625,2666.60009765625,2666.60009765625,0
2021-04-13,2691.60009765625,2691.60009765625,2691.60009765625,2691.60009765625,0
2021-04-14,2674.10009765625,2674.10009765625,2674.10009765625,2674.10009765625,0
2021-04-15,2734.10009765625,2734.10009765625,2734.10009765625,2734.10009765625,0
2021-04-16,2769.39990234375,2769.39990234375,2769.39990234375,2769.39990234375,0
2021-04-19,2808.300048828125,2808.300048828125,2808.300048828125,2808.300048828125,0
2021-04-20,2752.10009765625,2752.10009765625,2752.10009765625,2752.10009765625,0
2021-04-21,2870.300048828125,2870.300048828125,2870.300048828125,2870.300048828125,0
2021-04-22,2837.60009765625,2837.60009765625,2837.60009765625,2837.60009765625,0
2021-04-23,2851.699951171875,2851.699951171875,2851.699951171875,2851.699951171875,0
2021-04-26,2904.0,2904.0,2904.0,2904.0,0
2021-04-27,2947.300048828125,2947.300048828125,2947.300048828125,2947.300048828125,0
2021-04-28,2924.89990234375,2924.89990234375,2924.89990234375,2924.89990234375,0
2021-04-29,2952.60009765625,2952.60009765625,2952.60009765625,2952.60009765625,0
2021-04-30,2957.699951171875,2957.699951171875,2957.699951171875,2957.699951171875,0
2021-05-03,2985.39990234375,2985.39990234375,2985.39990234375,2985.39990234375,0
2021-05-04,2981.60009765625,2981.60009765625,2981.60009765625,2981.60009765625,0
2021-05-05,2976.800048828125,2976.800048828125,2976.800048828125,2976.800048828125,0
2021-05-06,2951.39990234375,2951.39990234375,2951.39990234375,2951.39990234375,0
2021-05-07,2929.10009765625,2929.10009765625,2929.10009765625,2929.10009765625,0
2021-05-10,2972.10009765625,2972.10009765625,2972.10009765625,2972.10009765625,0
2021-05-11,2923.199951171875,2923.199951171875,2923.199951171875,2923.199951171875,0
2021-05-12,2846.0,2846.0,2846.0,2846.0,0
2021-05-13,2861.60009765625,2861.60009765625,2861.60009765625,2861.60009765625,0
2021-05-14,2891.60009765625,2891.60009765625,2891.60009765625,2891.60009765625,0
2021-05-17,2892.89990234375,2892.89990234375,2892.89990234375,2892.89990234375,0
2021-05-18,2903.39990234375,2903.39990234375,2903.39990234375,2903.39990234375,0
2021-05-19,2885.10009765625,2885.10009765625,2885.10009765625,2885.10009765625,0
2021-05-20,2870.5,2870.5,2870.5,2870.5,0
2021-05-21,2775.300048828125,2775.300048828125,2775.300048828125,2775.300048828125,0
2021-05-24,2730.10009765625,2730.10009765625,2730.10009765625,2730.10009765625,0
2021-05-25,2777.5,2777.5,2777.5,2777.5,0
2021-05-26,2748.5,2748.5,2748.5,2748.5,2205
2021-05-27,2802.300048828125,2834.0,2737.5,2738.0,496
2021-05-28,2824.199951171875,2834.0,2808.0,2816.0,38
2021-06-01,2856.699951171875,2856.699951171875,2830.0,2830.0,3
2021-06-02,2862.0,2862.0,2862.0,2862.0,2
2021-06-03,2822.699951171875,2822.699951171875,2804.0,2817.0,4
2021-06-04,2837.89990234375,2837.89990234375,2827.0,2827.0,2
2021-06-07,2833.39990234375,2833.39990234375,2833.39990234375,2833.39990234375,0
2021-06-08,2802.60009765625,2802.60009765625,2802.60009765625,2802.60009765625,0
2021-06-09,2770.0,2800.0,2769.0,2800.0,3
2021-06-10,2774.699951171875,2774.699951171875,2768.0,2768.0,2
2021-06-11,2777.699951171875,2777.699951171875,2777.699951171875,2777.699951171875,0
2021-06-14,2753.60009765625,2753.60009765625,2753.60009765625,2753.60009765625,0
2021-06-15,2761.800048828125,2761.800048828125,2761.800048828125,2761.800048828125,0
2021-06-16,2834.0,2834.0,2805.5,2805.5,1
2021-06-17,2509.60009765625,2769.0,2509.60009765625,2766.5,13
2021-06-18,2465.699951171875,2520.0,2461.0,2516.0,14
2021-06-21,2553.199951171875,2553.199951171875,2540.0,2540.0,3
2021-06-22,2554.699951171875,2555.5,2550.0,2554.699951171875,2
2021-06-23,2626.300048828125,2626.300048828125,2587.5,2587.5,1
2021-06-24,2639.800048828125,2639.800048828125,2597.5,2612.0,11
2021-06-25,2633.300048828125,2633.300048828125,2633.300048828125,2633.300048828125,0
2021-06-28,2695.89990234375,2695.89990234375,2695.89990234375,2695.89990234375,0
2021-06-29,2679.39990234375,2679.39990234375,2679.39990234375,2679.39990234375,0
2021-06-30,2777.39990234375,2777.39990234375,2777.39990234375,2777.39990234375,0
2021-07-01,2767.10009765625,2767.10009765625,2767.10009765625,2767.10009765625,0
2021-07-02,2790.699951171875,2790.699951171875,2790.699951171875,2790.699951171875,0
2021-07-06,2794.300048828125,2794.300048828125,2794.300048828125,2794.300048828125,0
2021-07-07,2846.5,2846.5,2846.5,2846.5,0
2021-07-08,2808.39990234375,2808.39990234375,2808.39990234375,2808.39990234375,0
2021-07-09,2810.199951171875,2810.199951171875,2810.199951171875,2810.199951171875,0
2021-07-12,2857.5,2857.5,2857.5,2857.5,0
2021-07-13,2830.699951171875,2830.699951171875,2830.699951171875,2830.699951171875,0
2021-07-14,2824.5,2824.5,2824.5,2824.5,0
2021-07-15,2727.5,2727.5,2727.5,2727.5,0
2021-07-16,2635.5,2635.5,2635.5,2635.5,0
2021-07-19,2590.89990234375,2590.89990234375,2590.89990234375,2590.89990234375,0
2021-07-20,2638.60009765625,2638.60009765625,2638.60009765625,2638.60009765625,0
2021-07-21,2653.10009765625,2653.10009765625,2653.10009765625,2653.10009765625,0
2021-07-22,2702.800048828125,2702.800048828125,2702.800048828125,2702.800048828125,0
2021-07-23,2660.60009765625,2660.60009765625,2660.60009765625,2660.60009765625,0
2021-07-26,2676.300048828125,2676.300048828125,2676.300048828125,2676.300048828125,0
2021-07-27,2604.89990234375,2604.89990234375,2604.89990234375,2604.89990234375,0
2021-07-28,2620.800048828125,2620.800048828125,2620.800048828125,2620.800048828125,0
2021-07-29,2642.699951171875,2642.699951171875,2642.699951171875,2642.699951171875,0
2021-07-30,2655.800048828125,2655.800048828125,2655.800048828125,2655.800048828125,0
2021-08-02,2683.699951171875,2683.699951171875,2683.699951171875,2683.699951171875,0
2021-08-03,2644.89990234375,2644.89990234375,2644.89990234375,2644.89990234375,0
2021-08-04,2651.300048828125,2651.300048828125,2651.300048828125,2651.300048828125,0
2021-08-05,2654.699951171875,2654.699951171875,2654.699951171875,2654.699951171875,0
2021-08-06,2629.699951171875,2629.699951171875,2629.699951171875,2629.699951171875,0
2021-08-09,2601.699951171875,2601.699951171875,2601.699951171875,2601.699951171875,0
2021-08-10,2649.60009765625,2649.60009765625,2649.60009765625,2649.60009765625,0
2021-08-11,2632.39990234375,2632.39990234375,2632.39990234375,2632.39990234375,0
2021-08-12,2623.5,2623.5,2623.5,2623.5,0
2021-08-13,2656.10009765625,2656.10009765625,2656.10009765625,2656.10009765625,0
2021-08-16,2597.60009765625,2597.60009765625,2597.60009765625,2597.60009765625,0
2021-08-17,2493.800048828125,2493.800048828125,2493.800048828125,2493.800048828125,0
2021-08-18,2421.5,2421.5,2421.5,2421.5,0
2021-08-19,2296.10009765625,2296.10009765625,2296.10009765625,2296.10009765625,0
2021-08-20,2274.699951171875,2288.0,2274.699951171875,2288.0,1
2021-08-23,2383.300048828125,2383.300048828125,2383.300048828125,2383.300048828125,1
2021-08-24,2440.699951171875,2440.699951171875,2440.699951171875,2440.699951171875,1
2021-08-25,2428.89990234375,2428.89990234375,2428.89990234375,2428.89990234375,1
2021-08-26,2386.5,2386.5,2386.5,2386.5,1
2021-08-27,2402.199951171875,2402.199951171875,2402.199951171875,2402.199951171875,1389
2021-08-30,2476.10009765625,2495.5,2404.0,2414.0,374
2021-08-31,2468.300048828125,2489.5,2462.0,2470.0,103
2021-09-01,2438.39990234375,2485.5,2426.5,2466.0,21
2021-09-02,2397.39990234375,2405.5,2397.39990234375,2405.5,3
2021-09-03,2414.39990234375,2414.39990234375,2397.0,2399.0,4
2021-09-07,2351.199951171875,2422.0,2341.0,2422.0,27
2021-09-08,2235.5,2235.5,2222.0,2222.0,12
2021-09-09,2139.800048828125,2139.800048828125,2139.800048828125,2139.800048828125,12
2021-09-10,2123.0,2204.0,2123.0,2204.0,1
2021-09-13,2076.60009765625,2100.0,2063.0,2100.0,4
2021-09-14,1972.5999755859375,1979.0,1972.5999755859375,1979.0,2
2021-09-15,1990.199951171875,1990.199951171875,1990.199951171875,1990.199951171875,0
2021-09-16,2018.9000244140625,2018.9000244140625,2018.9000244140625,2018.9000244140625,0
2021-09-17,1981.199951171875,1981.199951171875,1981.199951171875,1981.199951171875,0
2021-09-20,1865.199951171875,1880.0,1860.5,1880.0,39
2021-09-21,1894.5,1894.5,1885.0,1885.0,1
2021-09-22,2036.199951171875,2036.199951171875,2036.199951171875,2036.199951171875,0
2021-09-23,1971.800048828125,1971.800048828125,1971.800048828125,1971.800048828125,0
2021-09-24,1951.0999755859375,1951.0999755859375,1939.0,1939.0,1
2021-09-27,1947.699951171875,1947.699951171875,1947.699951171875,1947.699951171875,0
2021-09-28,1854.199951171875,1923.0,1854.199951171875,1923.0,2
2021-09-29,1833.0999755859375,1853.5,1833.0999755859375,1853.5,1
2021-09-30,1902.5999755859375,1902.5999755859375,1902.5999755859375,1902.5999755859375,0
2021-10-01,1906.5,1906.5,1906.5,1906.5,0
2021-10-04,1877.800048828125,1877.800048828125,1877.800048828125,1877.800048828125,0
2021-10-05,1902.199951171875,1902.199951171875,1902.199951171875,1902.199951171875,0
2021-10-06,1870.5999755859375,1870.5999755859375,1870.5999755859375,1870.5999755859375,0
2021-10-07,1957.800048828125,1957.800048828125,1957.800048828125,1957.800048828125,0
2021-10-08,2075.800048828125,2075.800048828125,2075.800048828125,2075.800048828125,0
2021-10-11,2122.300048828125,2122.300048828125,2122.300048828125,2122.300048828125,0
2021-10-12,2050.60009765625,2050.60009765625,2050.60009765625,2050.60009765625,0
2021-10-13,2108.89990234375,2108.89990234375,2108.89990234375,2108.89990234375,0
2021-10-14,2153.699951171875,2153.699951171875,2153.699951171875,2153.699951171875,0
2021-10-15,2079.39990234375,2079.39990234375,2079.39990234375,2079.39990234375,0
2021-10-18,2015.9000244140625,2015.9000244140625,2015.9000244140625,2015.9000244140625,0
2021-10-19,2103.699951171875,2103.699951171875,2103.699951171875,2103.699951171875,0
2021-10-20,2085.199951171875,2085.199951171875,2085.199951171875,2085.199951171875,0
2021-10-21,2020.9000244140625,2020.9000244140625,2020.9000244140625,2020.9000244140625,0
2021-10-22,2038.4000244140625,2038.4000244140625,2038.4000244140625,2038.4000244140625,0
2021-10-25,2051.0,2051.0,2051.0,2051.0,0
2021-10-26,2007.5999755859375,2007.5999755859375,2007.5999755859375,2007.5999755859375,0
2021-10-27,1977.0999755859375,1977.0999755859375,1977.0999755859375,1977.0999755859375,0
2021-10-28,1995.199951171875,1995.199951171875,1995.199951171875,1995.199951171875,0
2021-10-29,1986.0999755859375,1986.0999755859375,1986.0999755859375,1986.0999755859375,0
2021-11-01,2058.10009765625,2058.10009765625,2058.10009765625,2058.10009765625,0
2021-11-02,2013.199951171875,2013.199951171875,2013.199951171875,2013.199951171875,0
2021-11-03,1984.0999755859375,1984.0999755859375,1984.0999755859375,1984.0999755859375,0
2021-11-04,1993.300048828125,1993.300048828125,1993.300048828125,1993.300048828125,0
2021-11-05,2024.5,2024.5,2024.5,2024.5,0
2021-11-08,2074.60009765625,2074.60009765625,2074.60009765625,2074.60009765625,0
2021-11-09,2019.0,2019.0,2019.0,2019.0,0
2021-11-10,2035.800048828125,2035.800048828125,2035.800048828125,2035.800048828125,0
2021-11-11,2059.5,2059.5,2059.5,2059.5,0
2021-11-12,2114.60009765625,2114.60009765625,2114.60009765625,2114.60009765625,0
2021-11-15,2153.0,2153.0,2153.0,2153.0,0
2021-11-16,2164.5,2164.5,2164.5,2164.5,0
2021-11-17,2181.39990234375,2181.39990234375,2181.39990234375,2181.39990234375,0
2021-11-18,2134.300048828125,2134.300048828125,2134.300048828125,2134.300048828125,0
2021-11-19,2070.10009765625,2070.10009765625,2070.10009765625,2070.10009765625,0
2021-11-22,1947.5,1947.5,1947.5,1947.5,0
2021-11-23,1847.199951171875,1847.199951171875,1847.199951171875,1847.199951171875,0
2021-11-24,1844.800048828125,1844.800048828125,1844.800048828125,1844.800048828125,0
2021-11-26,1786.0,1786.0,1786.0,1786.0,3246
2021-11-29,1784.199951171875,1797.0,1727.0,1727.0,560
2021-11-30,1703.0999755859375,1783.0,1703.0999755859375,1749.5,98
2021-12-01,1751.0999755859375,1751.0999755859375,1738.0,1738.0,11
2021-12-02,1769.9000244140625,1772.0,1740.0,1740.0,3
2021-12-03,1811.0999755859375,1811.0999755859375,1811.0999755859375,1811.0999755859375,0
2021-12-06,1844.199951171875,1844.199951171875,1844.199951171875,1844.199951171875,0
2021-12-07,1845.5,1845.5,1845.5,1845.5,2
2021-12-08,1851.0,1851.0,1851.0,1851.0,0
2021-12-09,1811.800048828125,1811.800048828125,1811.800048828125,1811.800048828125,0
2021-12-10,1748.0999755859375,1772.5,1748.0999755859375,1770.5,14
2021-12-13,1672.4000244140625,1672.4000244140625,1672.4000244140625,1672.4000244140625,0
2021-12-14,1620.5,1620.5,1620.5,1620.5,0
2021-12-15,1549.4000244140625,1549.4000244140625,1549.4000244140625,1549.4000244140625,0
2021-12-16,1720.5999755859375,1720.5999755859375,1720.5999755859375,1720.5999755859375,0
2021-12-17,1782.5999755859375,1782.5999755859375,1782.5999755859375,1782.5999755859375,0
2021-12-20,1743.699951171875,1743.699951171875,1743.699951171875,1743.699951171875,0
2021-12-21,1790.9000244140625,1790.9000244140625,1790.9000244140625,1790.9000244140625,0
2021-12-22,1887.0999755859375,1887.0999755859375,1887.0999755859375,1887.0999755859375,0
2021-12-23,1954.699951171875,1954.699951171875,1954.699951171875,1954.699951171875,0
2021-12-27,1944.300048828125,1944.300048828125,1944.300048828125,1944.300048828125,0
2021-12-28,1998.4000244140625,1998.4000244140625,1998.4000244140625,1998.4000244140625,0
2021-12-29,1984.800048828125,1984.800048828125,1984.800048828125,1984.800048828125,1
2021-12-30,1979.199951171875,1979.199951171875,1959.5,1959.5,2
2021-12-31,1908.0999755859375,1908.0999755859375,1908.0999755859375,1908.0999755859375,2
2022-01-03,1822.0,1822.0,1822.0,1822.0,2
2022-01-04,1855.699951171875,1855.699951171875,1855.699951171875,1855.699951171875,2
2022-01-05,1898.5999755859375,1898.5999755859375,1898.5999755859375,1898.5999755859375,2
2022-01-06,1869.9000244140625,1869.9000244140625,1869.9000244140625,1869.9000244140625,2
2022-01-07,1917.5999755859375,1917.5999755859375,1917.5999755859375,1917.5999755859375,2
2022-01-10,1905.199951171875,1905.199951171875,1905.199951171875,1905.199951171875,2
2022-01-11,1918.0999755859375,1918.0999755859375,1918.0999755859375,1918.0999755859375,2
2022-01-12,1911.800048828125,1911.800048828125,1911.800048828125,1911.800048828125,2
2022-01-13,1886.0,1886.0,1886.0,1886.0,2
2022-01-14,1874.199951171875,1874.199951171875,1874.199951171875,1874.199951171875,2
2022-01-18,1900.5999755859375,1900.5999755859375,1900.5999755859375,1900.5999755859375,2
2022-01-19,2004.4000244140625,2004.4000244140625,2004.4000244140625,2004.4000244140625,2
2022-01-20,2069.699951171875,2069.699951171875,2069.699951171875,2069.699951171875,2
2022-01-21,2100.300048828125,2100.300048828125,2100.300048828125,2100.300048828125,20
2022-01-24,2137.0,2137.0,2137.0,2137.0,0
2022-01-25,2184.89990234375,2184.89990234375,2184.89990234375,2184.89990234375,0
2022-01-26,2346.60009765625,2346.60009765625,2346.60009765625,2346.60009765625,0
2022-01-27,2362.5,2362.5,2362.5,2362.5,2
2022-01-28,2368.699951171875,2368.699951171875,2368.699951171875,2368.699951171875,2
2022-01-31,2349.199951171875,2349.199951171875,2349.199951171875,2349.199951171875,2
2022-02-01,2343.199951171875,2343.199951171875,2343.199951171875,2343.199951171875,2
2022-02-02,2366.199951171875,2366.199951171875,2366.199951171875,2366.199951171875,2
2022-02-03,2314.39990234375,2314.39990234375,2314.39990234375,2314.39990234375,2
2022-02-04,2287.39990234375,2287.39990234375,2287.39990234375,2287.39990234375,2
2022-02-07,2256.800048828125,2256.800048828125,2256.800048828125,2256.800048828125,2
2022-02-08,2260.89990234375,2260.89990234375,2260.89990234375,2260.89990234375,2
2022-02-09,2281.60009765625,2281.60009765625,2281.60009765625,2281.60009765625,2
2022-02-10,2261.800048828125,2261.800048828125,2261.800048828125,2261.800048828125,2
2022-02-11,2190.10009765625,2190.10009765625,2190.10009765625,2190.10009765625,2
2022-02-14,2342.5,2342.5,2342.5,2342.5,2
2022-02-15,2248.0,2248.0,2248.0,2248.0,2
2022-02-16,2268.300048828125,2268.300048828125,2268.300048828125,2268.300048828125,1
2022-02-17,2356.60009765625,2356.60009765625,2356.60009765625,2356.60009765625,1
2022-02-18,2335.39990234375,2335.39990234375,2335.39990234375,2335.39990234375,1
2022-02-22,2369.300048828125,2369.300048828125,2369.300048828125,2369.300048828125,1
2022-02-23,2438.10009765625,2438.10009765625,2438.10009765625,2438.10009765625,1
2022-02-24,2498.60009765625,2498.60009765625,2498.60009765625,2498.60009765625,5014
2022-02-25,2360.699951171875,2479.0,2322.5,2388.5,742
2022-02-28,2500.5,2536.5,2455.5,2536.5,128
2022-03-01,2532.5,2706.5,2491.5,2491.5,149
2022-03-02,2662.60009765625,2662.60009765625,2662.60009765625,2662.60009765625,18
2022-03-03,2728.800048828125,2745.5,2718.5,2745.5,3
2022-03-04,2979.89990234375,2979.89990234375,2904.0,2904.0,18
2022-03-07,2899.89990234375,3380.5,2899.89990234375,3380.5,28
2022-03-08,2966.5,3028.0,2958.0,3002.0,40
2022-03-09,2944.800048828125,3005.5,2908.5,3005.5,4
2022-03-10,2917.0,2921.5,2917.0,2921.5,0
2022-03-11,2792.89990234375,2792.89990234375,2792.89990234375,2792.89990234375,0
2022-03-14,2412.199951171875,2628.0,2412.199951171875,2628.0,1
2022-03-15,2407.39990234375,2407.39990234375,2407.39990234375,2407.39990234375,0
2022-03-16,2363.39990234375,2363.39990234375,2363.39990234375,2363.39990234375,0
2022-03-17,2488.10009765625,2530.0,2488.10009765625,2530.0,5
2022-03-18,2489.10009765625,2536.0,2489.10009765625,2536.0,11
2022-03-21,2533.39990234375,2533.39990234375,2533.39990234375,2533.39990234375,0
2022-03-22,2472.60009765625,2493.0,2472.60009765625,2493.0,2
2022-03-23,2515.39990234375,2515.39990234375,2515.39990234375,2515.39990234375,0
2022-03-24,2526.699951171875,2526.699951171875,2526.699951171875,2526.699951171875,0
2022-03-25,2390.39990234375,2390.39990234375,2390.39990234375,2390.39990234375,0
2022-03-28,2238.5,2238.5,2238.5,2238.5,0
2022-03-29,2108.800048828125,2108.800048828125,2101.0,2101.0,0
2022-03-30,2243.0,2243.0,2243.0,2243.0,0
2022-03-31,2255.5,2255.5,2255.5,2255.5,0
2022-04-01,2267.39990234375,2267.39990234375,2267.39990234375,2267.39990234375,0
2022-04-04,2274.89990234375,2274.89990234375,2274.89990234375,2274.89990234375,0
2022-04-05,2235.199951171875,2235.199951171875,2235.199951171875,2235.199951171875,0
2022-04-06,2184.60009765625,2184.60009765625,2184.60009765625,2184.60009765625,0
2022-04-07,2223.0,2223.0,2223.0,2223.0,0
2022-04-08,2420.0,2420.0,2420.0,2420.0,0
2022-04-11,2416.39990234375,2500.0,2416.39990234375,2500.0,1
2022-04-12,2353.699951171875,2353.699951171875,2353.699951171875,2353.699951171875,1
2022-04-13,2338.800048828125,2338.800048828125,2338.800048828125,2338.800048828125,1
2022-04-14,2354.300048828125,2354.300048828125,2354.300048828125,2354.300048828125,1
2022-04-18,2444.0,2444.0,2444.0,2444.0,1
2022-04-19,2379.300048828125,2379.300048828125,2379.300048828125,2379.300048828125,1
2022-04-20,2458.800048828125,2458.800048828125,2453.5,2453.5,1
2022-04-21,2416.89990234375,2416.89990234375,2416.89990234375,2416.89990234375,1
2022-04-22,2373.0,2373.0,2373.0,2373.0,1
2022-04-25,2116.39990234375,2116.39990234375,2116.39990234375,2116.39990234375,1
2022-04-26,2172.89990234375,2172.89990234375,2172.89990234375,2172.89990234375,1
2022-04-27,2190.39990234375,2190.39990234375,2190.39990234375,2190.39990234375,0
2022-04-28,2208.60009765625,2208.60009765625,2208.60009765625,2208.60009765625,0
2022-04-29,2302.800048828125,2302.800048828125,2302.800048828125,2302.800048828125,0
2022-05-02,2213.300048828125,2213.300048828125,2213.300048828125,2213.300048828125,0
2022-05-03,2235.60009765625,2235.60009765625,2235.60009765625,2235.60009765625,0
2022-05-04,2233.300048828125,2233.300048828125,2233.300048828125,2233.300048828125,0
2022-05-05,2175.300048828125,2175.300048828125,2175.300048828125,2175.300048828125,0
2022-05-06,2021.199951171875,2021.199951171875,2021.199951171875,2021.199951171875,1
2022-05-09,2059.800048828125,2059.800048828125,2059.800048828125,2059.800048828125,1
2022-05-10,2042.0,2042.0,2042.0,2042.0,1
2022-05-11,2008.0999755859375,2008.0999755859375,2008.0999755859375,2008.0999755859375,1
2022-05-12,1861.0,1861.0,1861.0,1861.0,1
2022-05-13,1918.0999755859375,1918.0999755859375,1918.0999755859375,1918.0999755859375,1
2022-05-16,2003.0,2003.0,2003.0,2003.0,1
2022-05-17,2031.199951171875,2031.199951171875,2031.199951171875,2031.199951171875,1
2022-05-18,1991.5999755859375,1991.5999755859375,1991.5999755859375,1991.5999755859375,1
2022-05-19,1977.800048828125,1977.800048828125,1977.800048828125,1977.800048828125,1
2022-05-20,1939.199951171875,1939.199951171875,1939.199951171875,1939.199951171875,1
2022-05-23,1965.9000244140625,1965.9000244140625,1965.9000244140625,1965.9000244140625,1
2022-05-24,1985.9000244140625,1985.9000244140625,1985.9000244140625,1985.9000244140625,1
2022-05-25,1988.5999755859375,1988.5999755859375,1988.5999755859375,1988.5999755859375,1
2022-05-26,1992.800048828125,1992.800048828125,1992.800048828125,1992.800048828125,1364
2022-05-27,2044.699951171875,2053.5,1995.0,2007.5,498
2022-05-31,1994.800048828125,2062.5,1994.800048828125,2055.0,107
2022-06-01,1991.800048828125,1998.5,1983.0,1998.5,11
2022-06-02,2036.5,2038.0,1987.5,2006.0,6
2022-06-03,1975.4000244140625,2045.0,1975.4000244140625,2045.0,6
2022-06-06,1985.699951171875,1991.0,1981.0,1991.0,4
2022-06-07,1955.699951171875,1955.699951171875,1955.699951171875,1955.699951171875,0
2022-06-08,1928.5999755859375,1929.5,1915.0,1915.0,3
2022-06-09,1906.199951171875,1924.0,1906.199951171875,1924.0,2
2022-06-10,1897.699951171875,1906.5,1867.5,1906.5,5
2022-06-13,1769.199951171875,1877.5,1769.199951171875,1865.0,8
2022-06-14,1772.300048828125,1772.300048828125,1772.300048828125,1772.300048828125,0
2022-06-15,1826.0,1826.0,1822.5,1822.5,1
2022-06-16,1857.699951171875,1857.699951171875,1824.5,1832.5,22
2022-06-17,1789.800048828125,1789.800048828125,1789.800048828125,1789.800048828125,0
2022-06-21,1853.800048828125,1853.800048828125,1853.800048828125,1853.800048828125,0
2022-06-22,1829.0,1829.0,1829.0,1829.0,0
2022-06-23,1815.199951171875,1815.199951171875,1815.199951171875,1815.199951171875,0
2022-06-24,1845.4000244140625,1845.4000244140625,1845.4000244140625,1845.4000244140625,0
2022-06-27,1850.5999755859375,1850.5999755859375,1850.5999755859375,1850.5999755859375,0
2022-06-28,1853.4000244140625,1853.4000244140625,1853.4000244140625,1853.4000244140625,1
2022-06-29,1939.5999755859375,1939.5999755859375,1939.5999755859375,1939.5999755859375,0
2022-06-30,1908.699951171875,1908.699951171875,1908.699951171875,1908.699951171875,0
2022-07-01,1930.800048828125,1930.800048828125,1930.800048828125,1930.800048828125,0
2022-07-05,1911.699951171875,1911.699951171875,1911.699951171875,1911.699951171875,0
2022-07-06,1889.199951171875,1889.199951171875,1889.199951171875,1889.199951171875,0
2022-07-07,1987.4000244140625,1987.4000244140625,1987.4000244140625,1987.4000244140625,0
2022-07-08,2151.199951171875,2151.199951171875,2151.199951171875,2151.199951171875,0
2022-07-11,2166.199951171875,2166.199951171875,2166.199951171875,2166.199951171875,0
2022-07-12,2010.199951171875,2010.199951171875,2010.199951171875,2010.199951171875,0
2022-07-13,1966.0,1966.0,1966.0,1966.0,0
2022-07-14,1892.699951171875,1892.699951171875,1892.699951171875,1892.699951171875,0
2022-07-15,1824.0,1824.0,1824.0,1824.0,0
2022-07-18,1843.699951171875,1843.699951171875,1843.699951171875,1843.699951171875,0
2022-07-19,1848.800048828125,1848.800048828125,1848.800048828125,1848.800048828125,0
2022-07-20,1856.0,1856.0,1856.0,1856.0,0
2022-07-21,1871.0999755859375,1871.0999755859375,1871.0999755859375,1871.0999755859375,0
2022-07-22,2013.199951171875,2013.199951171875,2013.199951171875,2013.199951171875,0
2022-07-25,1997.699951171875,1997.699951171875,1997.699951171875,1997.699951171875,0
2022-07-26,2005.800048828125,2005.800048828125,2005.800048828125,2005.800048828125,0
2022-07-27,1999.0,1999.0,1999.0,1999.0,2
2022-07-28,2079.39990234375,2079.39990234375,2079.39990234375,2079.39990234375,2
2022-07-29,2128.89990234375,2128.89990234375,2128.89990234375,2128.89990234375,2
2022-08-01,2198.60009765625,2198.60009765625,2198.60009765625,2198.60009765625,2
2022-08-02,2086.699951171875,2086.699951171875,2086.699951171875,2086.699951171875,2
2022-08-03,2004.4000244140625,2004.4000244140625,2004.4000244140625,2004.4000244140625,2
2022-08-04,2075.300048828125,2075.300048828125,2075.300048828125,2075.300048828125,2
2022-08-05,2126.300048828125,2126.300048828125,2126.300048828125,2126.300048828125,2
2022-08-08,2239.300048828125,2239.300048828125,2239.300048828125,2239.300048828125,2
2022-08-09,2216.60009765625,2216.60009765625,2216.60009765625,2216.60009765625,2
2022-08-10,2243.699951171875,2243.699951171875,2243.699951171875,2243.699951171875,2
2022-08-11,2285.800048828125,2285.800048828125,2285.800048828125,2285.800048828125,2
2022-08-12,2216.800048828125,2216.800048828125,2216.800048828125,2216.800048828125,2
2022-08-15,2155.89990234375,2155.89990234375,2155.89990234375,2155.89990234375,2
2022-08-16,2146.60009765625,2146.60009765625,2146.60009765625,2146.60009765625,2
2022-08-17,2134.300048828125,2134.300048828125,2134.300048828125,2134.300048828125,2
2022-08-18,2147.0,2147.0,2147.0,2147.0,2
2022-08-19,2129.0,2129.0,2129.0,2129.0,2
2022-08-22,1980.300048828125,1980.300048828125,1980.300048828125,1980.300048828125,2
2022-08-23,1971.4000244140625,1971.4000244140625,1971.4000244140625,1971.4000244140625,2
2022-08-24,2024.0999755859375,2024.0999755859375,2024.0999755859375,2024.0999755859375,2
2022-08-25,2138.300048828125,2138.300048828125,2138.300048828125,2138.300048828125,2
2022-08-26,2120.39990234375,2120.39990234375,2120.39990234375,2120.39990234375,2
2022-08-29,2123.300048828125,2123.300048828125,2123.300048828125,2123.300048828125,896
2022-08-30,2079.60009765625,2160.0,2052.0,2149.0,340
2022-08-31,2066.60009765625,2068.0,2050.0,2050.0,26
2022-09-01,1982.800048828125,2074.0,1982.800048828125,2074.0,15
2022-09-02,2012.300048828125,2012.300048828125,2004.0,2004.0,4
2022-09-06,1956.4000244140625,2030.0,1956.4000244140625,2030.0,13
2022-09-07,2007.9000244140625,2019.5,2007.9000244140625,2007.9000244140625,2
2022-09-08,2132.0,2143.5,2011.5,2011.5,7
2022-09-09,2162.699951171875,2162.699951171875,2162.699951171875,2162.699951171875,0
2022-09-12,2259.199951171875,2259.199951171875,2227.0,2247.0,10
2022-09-13,2095.699951171875,2095.699951171875,2095.699951171875,2095.699951171875,7
2022-09-14,2158.300048828125,2158.300048828125,2158.300048828125,2158.300048828125,0
2022-09-15,2131.300048828125,2134.0,2131.300048828125,2134.0,2
2022-09-16,2098.10009765625,2098.10009765625,2098.10009765625,2098.10009765625,0
2022-09-19,2203.89990234375,2211.5,2201.0,2201.0,8
2022-09-20,2156.10009765625,2188.0,2156.10009765625,2188.0,2
2022-09-21,2109.0,2109.10009765625,2109.0,2109.0,0
2022-09-22,2160.5,2160.699951171875,2160.5,2160.5,0
2022-09-23,2056.5,2056.5,2056.39990234375,2056.5,2
2022-09-26,2035.5,2035.5,2035.5,2035.5,1
2022-09-27,2076.89990234375,2076.89990234375,2076.89990234375,2076.89990234375,1
2022-09-28,2150.60009765625,2150.60009765625,2150.60009765625,2150.60009765625,1
2022-09-29,2202.10009765625,2202.10009765625,2202.10009765625,2202.10009765625,1
2022-09-30,2173.199951171875,2173.199951171875,2173.199951171875,2173.199951171875,1
2022-10-03,2223.199951171875,2223.199951171875,2223.199951171875,2223.199951171875,1
2022-10-04,2321.199951171875,2321.199951171875,2321.199951171875,2321.199951171875,1
2022-10-05,2246.89990234375,2246.89990234375,2246.89990234375,2246.89990234375,1
2022-10-06,2266.5,2266.5,2266.5,2266.5,1
2022-10-07,2182.300048828125,2182.300048828125,2182.300048828125,2182.300048828125,1
2022-10-10,2158.10009765625,2158.10009765625,2158.10009765625,2158.10009765625,1
2022-10-11,2140.60009765625,2140.60009765625,2140.60009765625,2140.60009765625,1
2022-10-12,2126.60009765625,2126.60009765625,2126.60009765625,2126.60009765625,1
2022-10-13,2107.39990234375,2107.39990234375,2107.39990234375,2107.39990234375,1
2022-10-14,1987.5,1987.5,1987.5,1987.5,1
2022-10-17,1990.0999755859375,1990.0999755859375,1990.0999755859375,1990.0999755859375,1
2022-10-18,2004.0999755859375,2004.0999755859375,2004.0999755859375,2004.0999755859375,1
2022-10-19,1985.699951171875,1985.699951171875,1985.699951171875,1985.699951171875,1
2022-10-20,2069.800048828125,2069.800048828125,2069.800048828125,2069.800048828125,1
2022-10-21,1995.699951171875,1995.699951171875,1995.699951171875,1995.699951171875,1
2022-10-24,1958.0,1958.0,1958.0,1958.0,1
2022-10-25,1909.0,1909.0,1909.0,1909.0,1
2022-10-26,1950.699951171875,1950.699951171875,1950.699951171875,1950.699951171875,1
2022-10-27,1928.4000244140625,1928.4000244140625,1928.4000244140625,1928.4000244140625,0
2022-10-28,1894.5999755859375,1894.5999755859375,1894.5999755859375,1894.5999755859375,0
2022-10-31,1829.0999755859375,1829.0999755859375,1829.0999755859375,1829.0999755859375,0
2022-11-01,1874.4000244140625,1874.4000244140625,1874.4000244140625,1874.4000244140625,0
2022-11-02,1847.5,1847.5,1847.5,1847.5,0
2022-11-03,1795.5,1795.5,1795.5,1795.5,0
2022-11-04,1836.9000244140625,1836.9000244140625,1836.9000244140625,1836.9000244140625,0
2022-11-07,1894.9000244140625,1894.9000244140625,1894.9000244140625,1894.9000244140625,0
2022-11-08,1930.0,1930.0,1930.0,1930.0,0
2022-11-09,1856.5999755859375,1856.5999755859375,1856.5999755859375,1856.5999755859375,0
2022-11-10,1951.5999755859375,1951.5999755859375,1951.5999755859375,1951.5999755859375,0
2022-11-11,2023.9000244140625,2023.9000244140625,2023.9000244140625,2023.9000244140625,0
2022-11-14,2036.9000244140625,2036.9000244140625,2036.9000244140625,2036.9000244140625,0
2022-11-15,2075.699951171875,2075.699951171875,2075.699951171875,2075.699951171875,0
2022-11-16,2078.699951171875,2078.699951171875,2078.699951171875,2078.699951171875,0
2022-11-17,2007.4000244140625,2007.4000244140625,2007.4000244140625,2007.4000244140625,0
2022-11-18,1936.300048828125,1936.300048828125,1936.300048828125,1936.300048828125,0
2022-11-21,1850.4000244140625,1850.4000244140625,1850.4000244140625,1850.4000244140625,0
2022-11-22,1854.9000244140625,1854.9000244140625,1854.9000244140625,1854.9000244140625,0
2022-11-23,1873.300048828125,1873.300048828125,1873.300048828125,1873.300048828125,0
2022-11-25,1818.9000244140625,1818.9000244140625,1818.9000244140625,1818.9000244140625,0
2022-11-28,1834.5,1834.5,1834.5,1834.5,1405
2022-11-29,1816.5,1875.0,1812.0,1848.0,212
2022-11-30,1845.0,1911.0,1832.0,1866.0,63
2022-12-01,1924.5999755859375,1924.5999755859375,1873.0,1873.0,2
2022-12-02,1879.4000244140625,1879.4000244140625,1857.0,1862.5,9
2022-12-05,1839.5999755859375,1839.5999755859375,1839.5999755859375,1839.5999755859375,0
2022-12-06,1829.0999755859375,1829.0999755859375,1829.0999755859375,1829.0999755859375,0
2022-12-07,1831.9000244140625,1831.9000244140625,1831.9000244140625,1831.9000244140625,1
2022-12-08,1908.4000244140625,1908.4000244140625,1908.4000244140625,1908.4000244140625,0
2022-12-09,1946.4000244140625,1946.4000244140625,1946.4000244140625,1946.4000244140625,0
2022-12-12,1861.699951171875,1861.699951171875,1861.699951171875,1861.699951171875,0
2022-12-13,1914.300048828125,1914.300048828125,1914.300048828125,1914.300048828125,0
2022-12-14,1899.699951171875,1899.699951171875,1899.699951171875,1899.699951171875,0
2022-12-15,1791.199951171875,1791.199951171875,1752.5,1791.199951171875,14
2022-12-16,1684.199951171875,1795.0,1684.199951171875,1795.0,17
2022-12-19,1642.5,1701.5,1642.5,1701.5,5
2022-12-20,1711.0999755859375,1711.0999755859375,1711.0999755859375,1711.0999755859375,0
2022-12-21,1644.4000244140625,1644.4000244140625,1644.4000244140625,1644.4000244140625,0
2022-12-22,1650.0,1650.0,1650.0,1650.0,0
2022-12-23,1710.199951171875,1710.199951171875,1710.199951171875,1710.199951171875,0
2022-12-27,1804.5,1804.5,1804.5,1804.5,0
2022-12-28,1763.199951171875,1763.199951171875,1763.199951171875,1763.199951171875,0
2022-12-29,1807.9000244140625,1807.9000244140625,1807.9000244140625,1807.9000244140625,0
2022-12-30,1789.300048828125,1789.300048828125,1789.300048828125,1789.300048828125,0
2023-01-03,1684.199951171875,1684.199951171875,1684.199951171875,1684.199951171875,0
2023-01-04,1788.0,1788.0,1788.0,1788.0,0
2023-01-05,1724.0,1724.0,1724.0,1724.0,0
2023-01-06,1798.0,1798.0,1798.0,1798.0,2
2023-01-09,1766.699951171875,1768.0,1748.5,1766.699951171875,2
2023-01-10,1768.300048828125,1768.300048828125,1768.300048828125,1768.300048828125,2
2023-01-11,1771.300048828125,1771.300048828125,1771.300048828125,1771.300048828125,2
2023-01-12,1781.0999755859375,1781.0999755859375,1781.0999755859375,1781.0999755859375,2
2023-01-13,1777.5,1777.5,1777.5,1777.5,2
2023-01-17,1724.199951171875,1724.199951171875,1724.199951171875,1724.199951171875,2
2023-01-18,1696.199951171875,1696.199951171875,1696.199951171875,1696.199951171875,2
2023-01-19,1759.0,1759.0,1759.0,1759.0,2
2023-01-20,1713.699951171875,1713.699951171875,1713.699951171875,1713.699951171875,2
2023-01-23,1692.9000244140625,1692.9000244140625,1692.9000244140625,1692.9000244140625,2
2023-01-24,1727.0,1727.0,1727.0,1727.0,2
2023-01-25,1679.4000244140625,1679.4000244140625,1679.4000244140625,1679.4000244140625,2
2023-01-26,1655.300048828125,1655.300048828125,1655.300048828125,1655.300048828125,2
2023-01-27,1591.199951171875,1591.199951171875,1591.199951171875,1591.199951171875,2
2023-01-30,1622.0,1622.0,1622.0,1622.0,2
2023-01-31,1644.5,1644.5,1644.5,1644.5,2
2023-02-01,1628.800048828125,1628.800048828125,1628.800048828125,1628.800048828125,2
2023-02-02,1638.800048828125,1638.800048828125,1638.800048828125,1638.800048828125,2
2023-02-03,1614.5999755859375,1614.5999755859375,1614.5999755859375,1614.5999755859375,2
2023-02-06,1575.5999755859375,1575.5999755859375,1575.5999755859375,1575.5999755859375,2
2023-02-07,1638.5999755859375,1638.5999755859375,1638.5999755859375,1638.5999755859375,2
2023-02-08,1632.9000244140625,1632.9000244140625,1632.9000244140625,1632.9000244140625,2
2023-02-09,1613.699951171875,1613.699951171875,1613.699951171875,1613.699951171875,2
2023-02-10,1521.9000244140625,1521.9000244140625,1521.9000244140625,1521.9000244140625,2
2023-02-13,1533.5,1533.5,1533.5,1533.5,2
2023-02-14,1463.199951171875,1463.199951171875,1463.199951171875,1463.199951171875,2
2023-02-15,1441.5,1451.0,1441.5,1449.0,4
2023-02-16,1522.699951171875,1522.699951171875,1522.699951171875,1522.699951171875,4
2023-02-17,1489.5,1489.5,1489.5,1489.5,4
2023-02-21,1517.699951171875,1517.699951171875,1517.699951171875,1517.699951171875,4
2023-02-22,1479.199951171875,1479.199951171875,1479.199951171875,1479.199951171875,4
2023-02-23,1425.5999755859375,1425.5999755859375,1425.5999755859375,1425.5999755859375,4
2023-02-24,1374.300048828125,1374.300048828125,1374.300048828125,1374.300048828125,3356
2023-02-27,1410.5,1455.0,1381.0,1387.0,457
2023-02-28,1404.4000244140625,1411.0,1370.5,1409.0,59
2023-03-01,1421.699951171875,1421.699951171875,1421.699951171875,1421.699951171875,4
2023-03-02,1428.9000244140625,1428.9000244140625,1428.9000244140625,1428.9000244140625,0
2023-03-03,1431.199951171875,1431.199951171875,1431.199951171875,1431.199951171875,2
2023-03-06,1407.4000244140625,1407.4000244140625,1407.4000244140625,1407.4000244140625,0
2023-03-07,1353.699951171875,1353.699951171875,1353.699951171875,1353.699951171875,0
2023-03-08,1346.4000244140625,1360.0,1339.0,1353.5,6
2023-03-09,1359.4000244140625,1359.4000244140625,1342.5,1342.5,2
2023-03-10,1348.0999755859375,1348.0999755859375,1348.0999755859375,1348.0999755859375,0
2023-03-13,1461.699951171875,1461.699951171875,1367.0,1372.5,3
2023-03-14,1503.5,1503.5,1469.5,1469.5,3
2023-03-15,1430.5999755859375,1430.5999755859375,1430.5999755859375,1430.5999755859375,0
2023-03-16,1395.800048828125,1443.0,1395.800048828125,1443.0,1
2023-03-17,1372.199951171875,1435.0,1372.199951171875,1433.0,10
2023-03-20,1386.5,1390.5,1386.5,1390.5,5
2023-03-21,1369.300048828125,1369.300048828125,1369.300048828125,1369.300048828125,1
2023-03-22,1433.300048828125,1433.300048828125,1360.0,1360.0,4
2023-03-23,1421.4000244140625,1421.4000244140625,1421.4000244140625,1421.4000244140625,0
2023-03-24,1403.300048828125,1403.300048828125,1403.300048828125,1403.300048828125,0
2023-03-27,1392.9000244140625,1392.9000244140625,1392.9000244140625,1392.9000244140625,0
2023-03-28,1403.5,1403.5,1403.5,1403.5,2
2023-03-29,1425.9000244140625,1425.9000244140625,1399.0,1399.0,0
2023-03-30,1464.5999755859375,1464.5999755859375,1464.5999755859375,1464.5999755859375,0
2023-03-31,1466.0,1466.0,1466.0,1466.0,0
2023-04-03,1456.0,1456.0,1456.0,1456.0,0
2023-04-04,1452.4000244140625,1452.4000244140625,1452.4000244140625,1452.4000244140625,0
2023-04-05,1422.0,1422.0,1422.0,1422.0,0
2023-04-06,1459.0999755859375,1459.0999755859375,1459.0999755859375,1459.0999755859375,0
2023-04-10,1404.300048828125,1404.300048828125,1404.300048828125,1404.300048828125,0
2023-04-11,1440.300048828125,1440.300048828125,1440.300048828125,1440.300048828125,0
2023-04-12,1452.5999755859375,1452.5999755859375,1452.5999755859375,1452.5999755859375,0
2023-04-13,1492.300048828125,1492.300048828125,1492.300048828125,1492.300048828125,0
2023-04-14,1493.0,1493.0,1493.0,1493.0,0
2023-04-17,1557.199951171875,1557.199951171875,1557.199951171875,1557.199951171875,0
2023-04-18,1639.5999755859375,1639.5999755859375,1639.5999755859375,1639.5999755859375,0
2023-04-19,1615.5,1615.5,1615.5,1615.5,0
2023-04-20,1585.4000244140625,1585.4000244140625,1585.4000244140625,1585.4000244140625,0
2023-04-21,1604.0999755859375,1604.0999755859375,1604.0999755859375,1604.0999755859375,0
2023-04-24,1531.0999755859375,1531.0999755859375,1531.0999755859375,1531.0999755859375,0
2023-04-25,1477.5999755859375,1477.5999755859375,1477.5999755859375,1477.5999755859375,0
2023-04-26,1505.0999755859375,1505.0999755859375,1505.0999755859375,1505.0999755859375,1
2023-04-27,1500.4000244140625,1500.4000244140625,1500.4000244140625,1500.4000244140625,1
2023-04-28,1517.9000244140625,1517.9000244140625,1517.9000244140625,1517.9000244140625,1
2023-05-01,1454.800048828125,1454.800048828125,1454.800048828125,1454.800048828125,1
2023-05-02,1429.0,1429.0,1429.0,1429.0,1
2023-05-03,1424.800048828125,1424.800048828125,1424.800048828125,1424.800048828125,1
2023-05-04,1449.5999755859375,1449.5999755859375,1449.5999755859375,1449.5999755859375,1
2023-05-05,1494.800048828125,1494.800048828125,1494.800048828125,1494.800048828125,1
2023-05-08,1571.4000244140625,1571.4000244140625,1571.4000244140625,1571.4000244140625,1
2023-05-09,1587.699951171875,1587.699951171875,1587.699951171875,1587.699951171875,1
2023-05-10,1613.0999755859375,1613.0999755859375,1613.0999755859375,1613.0999755859375,1
2023-05-11,1562.0,1562.0,1562.0,1562.0,1
2023-05-12,1521.800048828125,1521.800048828125,1521.800048828125,1521.800048828125,1
2023-05-15,1538.300048828125,1538.300048828125,1538.300048828125,1538.300048828125,1
2023-05-16,1507.5999755859375,1507.5999755859375,1507.5999755859375,1507.5999755859375,1
2023-05-17,1492.9000244140625,1492.9000244140625,1492.9000244140625,1492.9000244140625,1
2023-05-18,1458.199951171875,1458.199951171875,1458.199951171875,1458.199951171875,1
2023-05-19,1531.800048828125,1531.800048828125,1531.800048828125,1531.800048828125,1
2023-05-22,1500.199951171875,1500.199951171875,1500.199951171875,1500.199951171875,1
2023-05-23,1454.699951171875,1454.699951171875,1454.699951171875,1454.699951171875,1
2023-05-24,1406.0999755859375,1406.0999755859375,1406.0999755859375,1406.0999755859375,1
2023-05-25,1423.5999755859375,1424.0,1404.0,1424.0,2
2023-05-26,1431.5,1431.5,1431.5,1431.5,3330
2023-05-30,1378.5999755859375,1430.0,1371.5,1423.0,747
2023-05-31,1340.9000244140625,1394.0,1340.0,1394.0,16
2023-06-01,1375.9000244140625,1384.0,1346.5,1356.0,23
2023-06-02,1386.800048828125,1386.800048828125,1386.800048828125,1386.800048828125,0
2023-06-05,1395.5,1396.5,1389.0,1391.0,6
2023-06-06,1396.5999755859375,1403.5,1396.5999755859375,1403.5,3
2023-06-07,1372.699951171875,1400.0,1372.699951171875,1394.0,35
2023-06-08,1343.0999755859375,1379.0,1343.0999755859375,1379.0,7
2023-06-09,1289.5999755859375,1338.0,1289.5,1338.0,7
2023-06-12,1325.9000244140625,1325.9000244140625,1325.9000244140625,1325.9000244140625,0
2023-06-13,1344.0999755859375,1344.0999755859375,1344.0999755859375,1344.0999755859375,0
2023-06-14,1387.9000244140625,1387.9000244140625,1387.9000244140625,1387.9000244140625,0
2023-06-15,1383.0,1383.0,1383.0,1383.0,0
2023-06-16,1401.800048828125,1401.800048828125,1401.800048828125,1401.800048828125,0
2023-06-20,1363.199951171875,1366.5,1361.5,1366.5,3
2023-06-21,1335.5,1337.0,1333.0,1335.5,14
2023-06-22,1261.699951171875,1261.699951171875,1261.699951171875,1261.699951171875,0
2023-06-23,1268.0999755859375,1268.0999755859375,1268.0999755859375,1268.0999755859375,0
2023-06-26,1291.800048828125,1308.0,1291.800048828125,1300.0,2
2023-06-27,1283.199951171875,1283.199951171875,1283.199951171875,1283.199951171875,1
2023-06-28,1236.0,1236.0,1236.0,1236.0,5
2023-06-29,1218.800048828125,1218.800048828125,1218.800048828125,1218.800048828125,5
2023-06-30,1213.4000244140625,1213.4000244140625,1213.4000244140625,1213.4000244140625,5
2023-07-03,1218.4000244140625,1218.4000244140625,1218.4000244140625,1218.4000244140625,5
2023-07-05,1249.300048828125,1249.300048828125,1249.300048828125,1249.300048828125,5
2023-07-06,1230.800048828125,1230.800048828125,1230.800048828125,1230.800048828125,5
2023-07-07,1236.5,1236.5,1236.5,1236.5,5
2023-07-10,1228.0999755859375,1228.0999755859375,1228.0999755859375,1228.0999755859375,5
2023-07-11,1239.300048828125,1239.300048828125,1239.300048828125,1239.300048828125,5
2023-07-12,1271.199951171875,1271.199951171875,1271.199951171875,1271.199951171875,5
2023-07-13,1283.199951171875,1283.199951171875,1283.199951171875,1283.199951171875,5
2023-07-14,1257.800048828125,1257.800048828125,1257.800048828125,1257.800048828125,5
2023-07-17,1276.199951171875,1276.199951171875,1276.199951171875,1276.199951171875,5
2023-07-18,1311.5999755859375,1311.5999755859375,1311.5999755859375,1311.5999755859375,5
2023-07-19,1302.5,1302.5,1302.5,1302.5,5
2023-07-20,1270.4000244140625,1270.4000244140625,1270.4000244140625,1270.4000244140625,5
2023-07-21,1281.5999755859375,1281.5999755859375,1281.5999755859375,1281.5999755859375,5
2023-07-24,1263.9000244140625,1263.9000244140625,1263.9000244140625,1263.9000244140625,5
2023-07-25,1276.300048828125,1276.300048828125,1276.300048828125,1276.300048828125,5
2023-07-26,1251.0,1251.0,1251.0,1251.0,5
2023-07-27,1231.699951171875,1231.699951171875,1231.699951171875,1231.699951171875,1
2023-07-28,1228.699951171875,1228.699951171875,1228.699951171875,1228.699951171875,1
2023-07-31,1264.699951171875,1264.699951171875,1264.699951171875,1264.699951171875,1
2023-08-01,1226.199951171875,1226.199951171875,1226.199951171875,1226.199951171875,1
2023-08-02,1230.9000244140625,1230.9000244140625,1230.9000244140625,1230.9000244140625,1
2023-08-03,1246.5,1246.5,1246.5,1246.5,1
2023-08-04,1253.699951171875,1253.699951171875,1253.699951171875,1253.699951171875,1
2023-08-07,1225.300048828125,1225.300048828125,1225.300048828125,1225.300048828125,1
2023-08-08,1207.199951171875,1207.199951171875,1207.199951171875,1207.199951171875,1
2023-08-09,1220.5999755859375,1220.5999755859375,1220.5999755859375,1220.5999755859375,1
2023-08-10,1294.5999755859375,1294.5999755859375,1294.5999755859375,1294.5999755859375,1
2023-08-11,1298.199951171875,1298.199951171875,1298.199951171875,1298.199951171875,1
2023-08-14,1262.0,1262.0,1262.0,1262.0,1
2023-08-15,1227.699951171875,1227.699951171875,1227.699951171875,1227.699951171875,1
2023-08-16,1201.5,1201.5,1201.5,1201.5,1
2023-08-17,1209.5999755859375,1209.5999755859375,1209.5999755859375,1209.5999755859375,1
2023-08-18,1249.0999755859375,1249.0999755859375,1249.0999755859375,1249.0999755859375,1
2023-08-21,1228.199951171875,1228.199951171875,1228.199951171875,1228.199951171875,1
2023-08-22,1253.9000244140625,1253.9000244140625,1253.9000244140625,1253.9000244140625,1
2023-08-23,1270.5,1270.5,1270.5,1270.5,1
2023-08-24,1233.699951171875,1233.699951171875,1233.699951171875,1233.699951171875,1
2023-08-25,1218.199951171875,1218.199951171875,1218.199951171875,1218.199951171875,1
2023-08-28,1245.4000244140625,1245.4000244140625,1245.4000244140625,1245.4000244140625,1
2023-08-29,1232.800048828125,1232.800048828125,1232.800048828125,1232.800048828125,2836
2023-08-30,1216.9000244140625,1241.0,1203.0,1236.5,439
2023-08-31,1207.800048828125,1228.0,1207.800048828125,1228.0,19
2023-09-01,1217.199951171875,1217.199951171875,1217.199951171875,1217.199951171875,0
2023-09-05,1204.0,1204.0,1204.0,1204.0,0
2023-09-06,1200.4000244140625,1200.4000244140625,1200.4000244140625,1200.4000244140625,0
2023-09-07,1205.9000244140625,1205.9000244140625,1198.5,1198.5,5
2023-09-08,1183.199951171875,1209.0,1183.199951171875,1207.0,2
2023-09-11,1210.0999755859375,1210.0999755859375,1197.0,1203.5,2
2023-09-12,1236.199951171875,1236.199951171875,1236.199951171875,1236.199951171875,0
2023-09-13,1252.199951171875,1252.199951171875,1252.199951171875,1252.199951171875,2
2023-09-14,1246.9000244140625,1246.9000244140625,1246.9000244140625,1246.9000244140625,0
2023-09-15,1243.800048828125,1243.800048828125,1243.800048828125,1243.800048828125,0
2023-09-18,1236.699951171875,1236.699951171875,1221.0,1221.0,5
2023-09-19,1257.0999755859375,1257.0999755859375,1235.5,1235.5,8
2023-09-20,1271.5999755859375,1271.5999755859375,1271.5999755859375,1271.5999755859375,0
2023-09-21,1260.0,1260.0,1260.0,1260.0,0
2023-09-22,1245.199951171875,1245.199951171875,1242.0,1242.0,2
2023-09-25,1223.300048828125,1223.300048828125,1223.300048828125,1223.300048828125,1
2023-09-26,1217.0,1217.0,1217.0,1217.0,1
2023-09-27,1215.0,1215.0,1215.0,1215.0,0
2023-09-28,1277.9000244140625,1277.9000244140625,1277.9000244140625,1277.9000244140625,0
2023-09-29,1255.199951171875,1255.199951171875,1255.199951171875,1255.199951171875,0
2023-10-02,1205.0999755859375,1205.0999755859375,1205.0999755859375,1205.0999755859375,0
2023-10-03,1193.4000244140625,1193.4000244140625,1193.4000244140625,1193.4000244140625,0
2023-10-04,1172.699951171875,1172.699951171875,1172.699951171875,1172.699951171875,0
2023-10-05,1145.800048828125,1145.800048828125,1145.800048828125,1145.800048828125,0
2023-10-06,1164.199951171875,1164.199951171875,1164.199951171875,1164.199951171875,0
2023-10-09,1135.4000244140625,1135.4000244140625,1135.4000244140625,1135.4000244140625,0
2023-10-10,1162.4000244140625,1162.4000244140625,1162.4000244140625,1162.4000244140625,0
2023-10-11,1173.9000244140625,1173.9000244140625,1173.9000244140625,1173.9000244140625,0
2023-10-12,1139.300048828125,1139.300048828125,1139.300048828125,1139.300048828125,0
2023-10-13,1148.699951171875,1148.699951171875,1148.699951171875,1148.699951171875,0
2023-10-16,1138.800048828125,1138.800048828125,1138.800048828125,1138.800048828125,0
2023-10-17,1149.9000244140625,1149.9000244140625,1149.9000244140625,1149.9000244140625,0
2023-10-18,1126.5,1126.5,1126.5,1126.5,0
2023-10-19,1121.699951171875,1121.699951171875,1121.699951171875,1121.699951171875,0
2023-10-20,1104.0,1104.0,1104.0,1104.0,0
2023-10-23,1132.0,1132.0,1132.0,1132.0,0
2023-10-24,1130.699951171875,1130.699951171875,1130.699951171875,1130.699951171875,4
2023-10-25,1127.0,1127.0,1127.0,1127.0,0
2023-10-26,1146.0,1146.0,1146.0,1146.0,0
2023-10-27,1124.199951171875,1124.199951171875,1124.199951171875,1124.199951171875,0
2023-10-30,1134.4000244140625,1134.4000244140625,1134.4000244140625,1134.4000244140625,0
2023-10-31,1122.199951171875,1122.199951171875,1122.199951171875,1122.199951171875,0
2023-11-01,1110.300048828125,1110.300048828125,1110.300048828125,1110.300048828125,0
2023-11-02,1106.699951171875,1106.699951171875,1106.699951171875,1106.699951171875,0
2023-11-03,1124.4000244140625,1124.4000244140625,1124.4000244140625,1124.4000244140625,0
2023-11-06,1110.4000244140625,1110.4000244140625,1110.4000244140625,1110.4000244140625,0
2023-11-07,1058.9000244140625,1058.9000244140625,1058.9000244140625,1058.9000244140625,0
2023-11-08,1056.5,1056.5,1056.5,1056.5,0
2023-11-09,1005.2000122070312,1005.2000122070312,1005.2000122070312,1005.2000122070312,0
2023-11-10,974.9000244140625,974.9000244140625,974.9000244140625,974.9000244140625,0
2023-11-13,978.4000244140625,978.4000244140625,978.4000244140625,978.4000244140625,0
2023-11-14,1022.7000122070312,1022.7000122070312,1022.7000122070312,1022.7000122070312,0
2023-11-15,1036.4000244140625,1036.4000244140625,1036.4000244140625,1036.4000244140625,0
2023-11-16,1047.199951171875,1047.199951171875,1047.199951171875,1047.199951171875,0
2023-11-17,1056.5,1056.5,1056.5,1056.5,0
2023-11-20,1089.9000244140625,1089.9000244140625,1089.9000244140625,1089.9000244140625,0
2023-11-21,1093.0999755859375,1093.0999755859375,1093.0999755859375,1093.0999755859375,0
2023-11-22,1054.199951171875,1054.199951171875,1054.199951171875,1054.199951171875,0
2023-11-24,1072.800048828125,1072.800048828125,1072.800048828125,1072.800048828125,0
2023-11-27,1060.5,1060.5,1060.5,1060.5,0
2023-11-28,1057.4000244140625,1057.4000244140625,1057.4000244140625,1057.4000244140625,2310
2023-11-29,1026.5999755859375,1065.5,1016.0,1057.0,414
2023-11-30,1009.0999755859375,1021.5,1006.0,1021.5,18
2023-12-01,1000.0,1000.0,1000.0,1000.0,7
2023-12-04,968.2999877929688,982.0,968.2999877929688,975.0,4
2023-12-05,930.2000122070312,962.0,930.2000122070312,959.0,5
2023-12-06,941.0999755859375,950.5,941.0999755859375,941.0999755859375,1
2023-12-07,970.5999755859375,970.5999755859375,970.5999755859375,970.5999755859375,0
2023-12-08,941.4000244140625,979.5,941.4000244140625,979.5,1
2023-12-11,955.0,955.0,955.0,955.0,2
2023-12-12,972.5,972.5,972.5,972.5,0
2023-12-13,959.5,959.5,959.5,959.5,0
2023-12-14,1111.699951171875,1111.699951171875,1111.699951171875,1111.699951171875,0
2023-12-15,1198.0999755859375,1198.0999755859375,1198.0999755859375,1198.0999755859375,6
2023-12-18,1195.0999755859375,1195.0999755859375,1195.0999755859375,1195.0999755859375,6
2023-12-19,1229.800048828125,1229.800048828125,1229.800048828125,1229.800048828125,6
2023-12-20,1215.4000244140625,1215.4000244140625,1215.4000244140625,1215.4000244140625,6
2023-12-21,1216.699951171875,1216.699951171875,1216.699951171875,1216.699951171875,2
2023-12-22,1212.199951171875,1212.199951171875,1212.199951171875,1212.199951171875,1
2023-12-26,1177.9000244140625,1177.9000244140625,1177.9000244140625,1177.9000244140625,1
2023-12-27,1144.800048828125,1144.800048828125,1144.800048828125,1144.800048828125,5
2023-12-28,1133.800048828125,1133.800048828125,1133.800048828125,1133.800048828125,0
2023-12-29,1104.0,1104.0,1104.0,1104.0,0
2024-01-02,1079.0999755859375,1079.0999755859375,1079.0999755859375,1079.0999755859375,0
2024-01-03,1065.9000244140625,1071.5,1065.9000244140625,1071.5,2
2024-01-04,1033.0,1033.0,1033.0,1033.0,2
2024-01-05,1032.300048828125,1032.300048828125,1032.300048828125,1032.300048828125,2
2024-01-08,993.9000244140625,993.9000244140625,993.9000244140625,993.9000244140625,2
2024-01-09,972.0,972.0,969.5,969.5,2
2024-01-10,990.4000244140625,990.4000244140625,984.5,987.0,4
2024-01-11,974.2999877929688,974.2999877929688,974.2999877929688,974.2999877929688,4
2024-01-12,972.4000244140625,972.4000244140625,972.4000244140625,972.4000244140625,4
2024-01-16,931.4000244140625,931.4000244140625,931.4000244140625,931.4000244140625,4
2024-01-17,913.2000122070312,913.2000122070312,913.2000122070312,913.2000122070312,4
2024-01-18,936.9000244140625,936.9000244140625,936.9000244140625,936.9000244140625,4
2024-01-19,941.7999877929688,941.7999877929688,941.7999877929688,941.7999877929688,4
2024-01-22,934.0,934.0,934.0,934.0,4
2024-01-23,939.0999755859375,939.0999755859375,939.0999755859375,939.0999755859375,4
2024-01-24,967.2999877929688,967.2999877929688,967.2999877929688,967.2999877929688,4
2024-01-25,936.4000244140625,936.4000244140625,936.4000244140625,936.4000244140625,4
2024-01-26,955.0999755859375,955.0999755859375,955.0999755859375,955.0999755859375,4
2024-01-29,974.2999877929688,974.2999877929688,974.2999877929688,974.2999877929688,8
2024-01-30,975.7999877929688,975.7999877929688,974.0,975.7999877929688,1
2024-01-31,992.9000244140625,992.9000244140625,992.9000244140625,992.9000244140625,0
2024-02-01,967.7000122070312,967.7000122070312,967.7000122070312,967.7000122070312,0
2024-02-02,945.7000122070312,945.7000122070312,945.7000122070312,945.7000122070312,0
2024-02-05,952.7999877929688,952.7999877929688,952.7999877929688,952.7999877929688,0
2024-02-06,948.0,948.0,948.0,948.0,0
2024-02-07,896.9000244140625,896.9000244140625,896.9000244140625,896.9000244140625,0
2024-02-08,888.5999755859375,888.5999755859375,865.0,865.0,22
2024-02-09,865.9000244140625,865.9000244140625,865.0,865.0,6
2024-02-12,893.5,898.0,893.5,898.0,1
2024-02-13,857.4000244140625,907.5,856.0,898.0,11
2024-02-14,930.7999877929688,930.7999877929688,930.7999877929688,930.7999877929688,11
2024-02-15,948.7000122070312,948.7000122070312,948.7000122070312,948.7000122070312,11
2024-02-16,948.7000122070312,948.7000122070312,948.7000122070312,948.7000122070312,11
2024-02-20,979.2999877929688,979.2999877929688,979.2999877929688,979.2999877929688,11
2024-02-21,946.0999755859375,946.0999755859375,946.0999755859375,946.0999755859375,11
2024-02-22,966.9000244140625,966.9000244140625,966.9000244140625,966.9000244140625,11
2024-02-23,985.2000122070312,985.2000122070312,985.2000122070312,985.2000122070312,11
2024-02-26,953.7000122070312,953.7000122070312,953.7000122070312,953.7000122070312,11
2024-02-27,939.0999755859375,939.0999755859375,939.0999755859375,939.0999755859375,2041
2024-02-28,918.0,938.0,904.5,934.5,496
2024-02-29,933.5,940.5,929.5,933.5,17
2024-03-01,952.7999877929688,952.7999877929688,941.0,941.0,5
2024-03-04,964.9000244140625,964.9000244140625,956.0,956.5,2
2024-03-05,938.5999755859375,938.5999755859375,938.5999755859375,938.5999755859375,0
2024-03-06,1037.9000244140625,1037.9000244140625,956.5,956.5,12
2024-03-07,1031.0,1031.0,1031.0,1031.0,15
2024-03-08,1016.0,1016.0,1016.0,1016.0,0
2024-03-11,1032.5999755859375,1032.5999755859375,1032.5999755859375,1032.5999755859375,0
2024-03-12,1041.0999755859375,1041.0999755859375,1041.0999755859375,1041.0999755859375,0
2024-03-13,1062.800048828125,1080.5,1055.0,1055.0,5
2024-03-14,1071.800048828125,1080.0,1071.800048828125,1080.0,1
2024-03-15,1083.5,1083.5,1083.5,1083.5,0
2024-03-18,1035.5999755859375,1035.5999755859375,1035.5999755859375,1035.5999755859375,0
2024-03-19,993.9000244140625,993.9000244140625,993.9000244140625,993.9000244140625,0
2024-03-20,994.7000122070312,994.7000122070312,994.7000122070312,994.7000122070312,1
2024-03-21,1013.4000244140625,1013.4000244140625,1013.4000244140625,1013.4000244140625,0
2024-03-22,992.7999877929688,992.7999877929688,992.7999877929688,992.7999877929688,0
2024-03-25,1007.7999877929688,1007.7999877929688,1007.7999877929688,1007.7999877929688,0
2024-03-26,992.7000122070312,992.7000122070312,992.7000122070312,992.7000122070312,10
2024-03-27,979.0,979.0,979.0,979.0,0
2024-03-28,1009.5,1009.5,1009.5,1009.5,0
2024-04-01,992.0,992.0,992.0,992.0,0
2024-04-02,992.2999877929688,992.2999877929688,992.2999877929688,992.2999877929688,0
2024-04-03,1009.7000122070312,1009.7000122070312,1009.7000122070312,1009.7000122070312,0
2024-04-04,1029.300048828125,1029.300048828125,1029.300048828125,1029.300048828125,0
2024-04-05,995.4000244140625,995.4000244140625,995.4000244140625,995.4000244140625,0
2024-04-08,1038.5,1038.5,1038.5,1038.5,0
2024-04-09,1074.0999755859375,1074.0999755859375,1074.0999755859375,1074.0999755859375,0
2024-04-10,1051.699951171875,1051.699951171875,1051.699951171875,1051.699951171875,0
2024-04-11,1038.9000244140625,1038.9000244140625,1038.9000244140625,1038.9000244140625,0
2024-04-12,1057.699951171875,1057.699951171875,1057.699951171875,1057.699951171875,0
2024-04-15,1042.0999755859375,1042.0999755859375,1042.0999755859375,1042.0999755859375,0
2024-04-16,1029.4000244140625,1029.4000244140625,1029.4000244140625,1029.4000244140625,0
2024-04-17,1029.0,1029.0,1029.0,1029.0,0
2024-04-18,1037.5999755859375,1037.5999755859375,1037.5999755859375,1037.5999755859375,0
2024-04-19,1025.5,1025.5,1025.5,1025.5,0
2024-04-22,1014.7000122070312,1014.7000122070312,1014.7000122070312,1014.7000122070312,0
2024-04-23,1025.9000244140625,1025.9000244140625,1025.9000244140625,1025.9000244140625,0
2024-04-24,1007.4000244140625,1007.4000244140625,1007.4000244140625,1007.4000244140625,0
2024-04-25,981.0999755859375,981.0999755859375,981.0999755859375,981.0999755859375,0
2024-04-26,957.4000244140625,957.4000244140625,957.4000244140625,957.4000244140625,1
2024-04-29,976.7000122070312,976.7000122070312,972.5,976.7000122070312,2
2024-04-30,951.9000244140625,951.9000244140625,951.9000244140625,951.9000244140625,0
2024-05-01,947.7000122070312,947.7000122070312,947.7000122070312,947.7000122070312,0
2024-05-02,938.2000122070312,938.2000122070312,938.2000122070312,938.2000122070312,0
2024-05-03,947.5,947.5,947.5,947.5,0
2024-05-06,982.2999877929688,982.2999877929688,982.2999877929688,982.2999877929688,0
2024-05-07,978.7999877929688,978.7999877929688,978.7999877929688,978.7999877929688,0
2024-05-08,955.4000244140625,955.4000244140625,955.4000244140625,955.4000244140625,0
2024-05-09,970.4000244140625,970.4000244140625,970.4000244140625,970.4000244140625,0
2024-05-10,980.7999877929688,980.7999877929688,980.7999877929688,980.7999877929688,0
2024-05-13,964.9000244140625,964.9000244140625,964.9000244140625,964.9000244140625,0
2024-05-14,981.5,981.5,981.5,981.5,0
2024-05-15,1014.0999755859375,1014.0999755859375,1014.0999755859375,1014.0999755859375,0
2024-05-16,997.5,997.5,997.5,997.5,0
2024-05-17,1009.9000244140625,1009.9000244140625,1009.9000244140625,1009.9000244140625,0
2024-05-20,1030.699951171875,1030.699951171875,1030.699951171875,1030.699951171875,0
2024-05-21,1029.4000244140625,1029.4000244140625,1029.4000244140625,1029.4000244140625,0
2024-05-22,1002.9000244140625,1002.9000244140625,1002.9000244140625,1002.9000244140625,0
2024-05-23,973.2999877929688,973.2999877929688,973.2999877929688,973.2999877929688,0
2024-05-24,969.0999755859375,969.0999755859375,969.0999755859375,969.0999755859375,0
2024-05-28,976.7000122070312,976.7000122070312,976.7000122070312,976.7000122070312,0
2024-05-29,963.0999755859375,963.0999755859375,963.0999755859375,963.0999755859375,4087
2024-05-30,944.2999877929688,957.5,929.0,955.0,394
2024-05-31,899.2000122070312,950.0,899.2000122070312,942.0,19
2024-06-03,913.0,913.0,913.0,913.0,0
2024-06-04,910.2999877929688,910.2999877929688,902.0,904.5,2
2024-06-05,924.5,924.5,909.5,909.5,1
2024-06-06,923.7999877929688,923.7999877929688,923.7999877929688,923.7999877929688,11
2024-06-07,909.5,909.5,909.5,909.5,0
2024-06-10,896.4000244140625,896.4000244140625,896.4000244140625,896.4000244140625,0
2024-06-11,876.9000244140625,876.9000244140625,876.9000244140625,876.9000244140625,0
2024-06-12,899.7999877929688,900.0,878.0,878.0,12
2024-06-13,877.4000244140625,881.5,876.5,881.5,8
2024-06-14,890.5999755859375,890.5999755859375,890.5999755859375,890.5999755859375,0
2024-06-17,883.5999755859375,883.5999755859375,876.5,876.5,2
2024-06-18,880.9000244140625,880.9000244140625,880.9000244140625,880.9000244140625,0
2024-06-20,905.4000244140625,915.5,905.0,905.0,9
2024-06-21,918.0999755859375,950.0,918.0999755859375,940.5,29
2024-06-24,976.0999755859375,981.5,976.0999755859375,981.5,1
2024-06-25,933.7000122070312,933.7000122070312,933.7000122070312,933.7000122070312,1
2024-06-26,922.7000122070312,950.0,922.7000122070312,949.5,4
2024-06-27,927.5999755859375,927.5999755859375,927.5999755859375,927.5999755859375,1
2024-06-28,977.9000244140625,977.9000244140625,977.9000244140625,977.9000244140625,1
2024-07-01,972.4000244140625,979.0,972.4000244140625,979.0,2
2024-07-02,1020.2000122070312,1020.2000122070312,1020.2000122070312,1020.2000122070312,2
2024-07-03,1034.199951171875,1040.5,1011.0,1019.0,4
2024-07-05,1035.800048828125,1035.800048828125,1035.800048828125,1035.800048828125,4
2024-07-08,1011.5,1011.5,1011.5,1011.5,4
2024-07-09,982.5,982.5,982.5,982.5,4
2024-07-10,987.5999755859375,987.5999755859375,987.5999755859375,987.5999755859375,4
2024-07-11,993.4000244140625,993.4000244140625,993.4000244140625,993.4000244140625,4
2024-07-12,969.0999755859375,969.0999755859375,969.0999755859375,969.0999755859375,4
2024-07-15,946.7000122070312,946.7000122070312,946.7000122070312,946.7000122070312,4
2024-07-16,953.0,953.0,953.0,953.0,4
2024-07-17,950.5,950.5,950.5,950.5,4
2024-07-18,926.2999877929688,926.2999877929688,926.2999877929688,926.2999877929688,4
2024-07-19,899.0999755859375,899.0999755859375,899.0999755859375,899.0999755859375,4
2024-07-22,889.2000122070312,889.2000122070312,889.2000122070312,889.2000122070312,4
2024-07-23,909.0999755859375,909.0999755859375,909.0999755859375,909.0999755859375,4
2024-07-24,922.0,922.0,922.0,922.0,4
2024-07-25,894.0,894.0,894.0,894.0,4
2024-07-26,884.9000244140625,884.9000244140625,884.9000244140625,884.9000244140625,4
2024-07-29,885.7999877929688,885.7999877929688,885.7999877929688,885.7999877929688,2
2024-07-30,878.0,878.0,873.5,878.0,1
2024-07-31,922.5999755859375,922.5999755859375,922.5999755859375,922.5999755859375,0
2024-08-01,891.7999877929688,891.7999877929688,891.7999877929688,891.7999877929688,0
2024-08-02,879.2000122070312,879.2000122070312,879.2000122070312,879.2000122070312,0
2024-08-05,822.7999877929688,846.0,822.7999877929688,836.0,2
2024-08-06,857.0999755859375,857.0999755859375,857.0999755859375,857.0999755859375,0
2024-08-07,883.7999877929688,883.7999877929688,883.7999877929688,883.7999877929688,0
2024-08-08,905.9000244140625,905.9000244140625,905.9000244140625,905.9000244140625,0
2024-08-09,893.5,893.5,893.5,893.5,0
2024-08-12,896.5,896.5,896.5,896.5,0
2024-08-13,921.5999755859375,921.5999755859375,921.5999755859375,921.5999755859375,0
2024-08-14,919.7999877929688,919.7999877929688,919.7999877929688,919.7999877929688,0
2024-08-15,935.5999755859375,935.5999755859375,935.5999755859375,935.5999755859375,0
2024-08-16,941.7000122070312,941.7000122070312,941.7000122070312,941.7000122070312,0
2024-08-19,918.7000122070312,918.7000122070312,918.7000122070312,918.7000122070312,0
2024-08-20,913.9000244140625,913.9000244140625,913.9000244140625,913.9000244140625,0
2024-08-21,940.5999755859375,940.5999755859375,940.5999755859375,940.5999755859375,1
2024-08-22,920.0,920.0,920.0,920.0,0
2024-08-23,942.5,942.5,942.5,942.5,0
2024-08-26,960.2000122070312,960.2000122070312,960.2000122070312,960.2000122070312,0
2024-08-27,958.5,958.5,958.5,958.5,0
2024-08-28,933.9000244140625,933.9000244140625,933.9000244140625,933.9000244140625,3097
2024-08-29,972.5,976.0,932.5,933.5,852
2024-08-30,961.0999755859375,989.0,961.0999755859375,979.0,77
2024-09-03,931.0999755859375,974.5,931.0999755859375,974.0,7
2024-09-04,927.2000122070312,927.2000122070312,927.2000122070312,927.2000122070312,0
2024-09-05,934.7000122070312,935.0,929.0,929.0,6
2024-09-06,896.2999877929688,939.0,896.2999877929688,939.0,5
2024-09-09,936.7999877929688,936.7999877929688,899.5,913.0,5
2024-09-10,960.0,960.0,960.0,960.0,0
2024-09-11,1010.2000122070312,1014.0,1010.2000122070312,1014.0,6
2024-09-12,1053.800048828125,1053.800048828125,1016.0,1016.0,8
2024-09-13,1076.0,1076.0,1076.0,1076.0,0
2024-09-16,1084.4000244140625,1084.4000244140625,1084.4000244140625,1084.4000244140625,0
2024-09-17,1104.699951171875,1104.699951171875,1104.699951171875,1104.699951171875,0
2024-09-18,1068.300048828125,1087.5,1068.300048828125,1087.5,2
2024-09-19,1100.4000244140625,1100.4000244140625,1100.4000244140625,1100.4000244140625,0
2024-09-20,1079.9000244140625,1079.9000244140625,1079.9000244140625,1079.9000244140625,0
2024-09-23,1046.9000244140625,1046.9000244140625,1046.9000244140625,1046.9000244140625,0
2024-09-24,1061.9000244140625,1061.9000244140625,1056.5,1056.5,1
2024-09-25,1033.300048828125,1033.300048828125,1033.300048828125,1033.300048828125,0
2024-09-26,1044.300048828125,1060.0,1044.300048828125,1060.0,8
2024-09-27,1014.0,1014.0,1014.0,1014.0,0
2024-09-30,998.9000244140625,998.9000244140625,998.9000244140625,998.9000244140625,0
2024-10-01,993.5999755859375,993.5999755859375,993.5999755859375,993.5999755859375,3
2024-10-02,1016.4000244140625,1016.4000244140625,1016.4000244140625,1016.4000244140625,1
2024-10-03,997.2999877929688,997.2999877929688,997.2999877929688,997.2999877929688,0
2024-10-04,995.2000122070312,995.2000122070312,995.2000122070312,995.2000122070312,0
2024-10-07,1023.0,1023.0,1023.0,1023.0,0
2024-10-08,1003.5999755859375,1003.5999755859375,1003.5999755859375,1003.5999755859375,0
2024-10-09,1036.9000244140625,1036.9000244140625,1036.9000244140625,1036.9000244140625,0
2024-10-10,1065.4000244140625,1065.4000244140625,1065.4000244140625,1065.4000244140625,0
2024-10-11,1061.800048828125,1061.800048828125,1061.800048828125,1061.800048828125,2
2024-10-14,1023.0999755859375,1023.0999755859375,1023.0999755859375,1023.0999755859375,0
2024-10-15,1004.2000122070312,1004.2000122070312,1004.2000122070312,1004.2000122070312,12
2024-10-16,1019.0,1019.0,1019.0,1019.0,12
2024-10-17,1038.300048828125,1038.300048828125,1038.300048828125,1038.300048828125,12
2024-10-18,1077.699951171875,1077.699951171875,1077.699951171875,1077.699951171875,12
2024-10-21,1048.4000244140625,1048.4000244140625,1048.4000244140625,1048.4000244140625,12
2024-10-22,1074.199951171875,1074.199951171875,1074.199951171875,1074.199951171875,12
2024-10-23,1057.5,1057.5,1057.5,1057.5,12
2024-10-24,1161.0,1161.0,1161.0,1161.0,3
2024-10-25,1199.699951171875,1199.699951171875,1199.699951171875,1199.699951171875,0
2024-10-28,1222.0,1222.0,1222.0,1222.0,0
2024-10-29,1227.0,1227.0,1227.0,1227.0,10
2024-10-30,1149.0,1154.5,1149.0,1151.5,5
2024-10-31,1106.5,1106.5,1106.5,1106.5,5
2024-11-01,1103.800048828125,1103.800048828125,1103.800048828125,1103.800048828125,5
2024-11-04,1066.4000244140625,1066.4000244140625,1066.4000244140625,1066.4000244140625,5
2024-11-05,1076.9000244140625,1076.9000244140625,1076.9000244140625,1076.9000244140625,5
2024-11-06,1036.0999755859375,1036.0999755859375,1036.0999755859375,1036.0999755859375,5
2024-11-07,1017.4000244140625,1017.4000244140625,1017.4000244140625,1017.4000244140625,5
2024-11-08,988.9000244140625,988.9000244140625,988.9000244140625,988.9000244140625,5
2024-11-11,979.4000244140625,979.4000244140625,979.4000244140625,979.4000244140625,5
2024-11-12,938.2999877929688,938.2999877929688,938.2999877929688,938.2999877929688,5
2024-11-13,929.5,929.5,929.5,929.5,5
2024-11-14,923.4000244140625,923.4000244140625,923.4000244140625,923.4000244140625,5
2024-11-15,941.2999877929688,941.2999877929688,941.2999877929688,941.2999877929688,5
2024-11-18,1006.2000122070312,1006.2000122070312,1006.2000122070312,1006.2000122070312,5
2024-11-19,1035.300048828125,1035.300048828125,1035.300048828125,1035.300048828125,5
2024-11-20,1023.9000244140625,1023.9000244140625,1023.9000244140625,1023.9000244140625,5
2024-11-21,1042.5999755859375,1042.5999755859375,1042.5999755859375,1042.5999755859375,1
2024-11-22,1017.0,1040.0,1017.0,1025.0,4
2024-11-25,979.7999877929688,979.7999877929688,979.7999877929688,979.7999877929688,4
2024-11-26,987.2000122070312,987.2000122070312,987.2000122070312,987.2000122070312,3690
2024-11-27,982.7999877929688,1001.5,973.5,986.5,1146
2024-11-29,990.2000122070312,995.0,970.5,993.0,45
2024-12-02,991.9000244140625,1004.5,975.0,975.0,16
2024-12-03,983.7000122070312,1003.0,978.0,1003.0,9
2024-12-04,988.7999877929688,988.7999877929688,961.0,966.0,101
2024-12-05,970.0999755859375,971.5,970.0999755859375,970.0999755859375,1
2024-12-06,960.2999877929688,960.2999877929688,960.2999877929688,960.2999877929688,0
2024-12-09,988.5999755859375,991.5,979.0,980.5,5
2024-12-10,974.5999755859375,974.5999755859375,974.5999755859375,974.5999755859375,5
2024-12-11,1002.7000122070312,1002.7000122070312,991.5,991.5,2
2024-12-12,983.0,983.0,983.0,983.0,1
2024-12-13,953.0999755859375,953.0999755859375,953.0999755859375,953.0999755859375,2
2024-12-16,944.7999877929688,944.7999877929688,944.7999877929688,944.7999877929688,0
2024-12-17,932.5999755859375,932.5999755859375,932.5999755859375,932.5999755859375,0
2024-12-18,919.5999755859375,920.0,919.5999755859375,920.0,3
2024-12-19,897.0999755859375,897.0999755859375,897.0999755859375,897.0999755859375,0
2024-12-20,906.5999755859375,906.5999755859375,906.5999755859375,906.5999755859375,0
2024-12-23,915.2999877929688,915.2999877929688,915.2999877929688,915.2999877929688,0
2024-12-24,938.2999877929688,938.2999877929688,930.0,930.0,3
2024-12-26,906.4000244140625,906.4000244140625,906.4000244140625,906.4000244140625,0
2024-12-27,893.5999755859375,893.5999755859375,893.5999755859375,893.5999755859375,13
2024-12-30,894.2000122070312,894.2000122070312,893.5,893.5,9
2024-12-31,902.9000244140625,902.9000244140625,902.9000244140625,902.9000244140625,0
2025-01-02,905.2000122070312,905.2000122070312,905.2000122070312,905.2000122070312,0
2025-01-03,915.5999755859375,915.5999755859375,915.5999755859375,915.5999755859375,0
2025-01-06,909.5999755859375,909.5999755859375,909.5999755859375,909.5999755859375,0
2025-01-07,921.2999877929688,921.2999877929688,921.2999877929688,921.2999877929688,0
2025-01-08,921.5,921.5,921.5,921.5,0
2025-01-09,923.9000244140625,923.9000244140625,923.9000244140625,923.9000244140625,6
2025-01-10,961.7000122070312,961.7000122070312,961.7000122070312,961.7000122070312,6
2025-01-13,934.7999877929688,934.7999877929688,934.7999877929688,934.7999877929688,6
2025-01-14,940.7000122070312,940.7000122070312,940.7000122070312,940.7000122070312,6
2025-01-15,965.5,965.5,965.5,965.5,6
2025-01-16,950.2999877929688,950.2999877929688,950.2999877929688,950.2999877929688,6
2025-01-17,960.5,960.5,960.5,960.5,6
2025-01-21,972.5,972.5,972.5,972.5,6
2025-01-22,998.4000244140625,998.4000244140625,998.4000244140625,998.4000244140625,6
2025-01-23,1010.2000122070312,1010.2000122070312,1010.2000122070312,1010.2000122070312,6
2025-01-24,1001.2000122070312,1001.2000122070312,1001.2000122070312,1001.2000122070312,6
2025-01-27,963.5999755859375,963.5999755859375,963.5999755859375,963.5999755859375,6
2025-01-28,954.5999755859375,954.5999755859375,954.5999755859375,954.5999755859375,6
2025-01-29,966.5999755859375,966.5999755859375,966.5999755859375,966.5999755859375,1
2025-01-30,1004.5999755859375,1004.5999755859375,975.5,975.5,1
2025-01-31,1066.9000244140625,1066.9000244140625,1066.9000244140625,1066.9000244140625,7
2025-02-03,1039.199951171875,1039.199951171875,1039.199951171875,1039.199951171875,0
2025-02-04,1009.7000122070312,1030.0,1009.7000122070312,1027.0,9
2025-02-05,1014.4000244140625,1014.4000244140625,1014.4000244140625,1014.4000244140625,0
2025-02-06,989.2999877929688,989.2999877929688,989.2999877929688,989.2999877929688,0
2025-02-07,977.7999877929688,977.7999877929688,977.7999877929688,977.7999877929688,0
2025-02-10,998.7000122070312,998.7000122070312,998.7000122070312,998.7000122070312,0
2025-02-11,987.5999755859375,987.5999755859375,987.5999755859375,987.5999755859375,0
2025-02-12,982.5999755859375,982.5999755859375,982.5999755859375,982.5999755859375,0
2025-02-13,1015.2999877929688,1015.2999877929688,1015.2999877929688,1015.2999877929688,22
2025-02-14,1005.0,1005.0,1005.0,1005.0,1
2025-02-18,1008.7000122070312,1008.7000122070312,1008.7000122070312,1008.7000122070312,0
2025-02-19,987.2999877929688,1009.0,987.2999877929688,1009.0,2
2025-02-20,1004.9000244140625,1004.9000244140625,1004.9000244140625,1004.9000244140625,2
2025-02-21,988.0999755859375,988.0999755859375,988.0999755859375,988.0999755859375,5
2025-02-24,940.5999755859375,940.5999755859375,940.5999755859375,940.5999755859375,0
2025-02-25,920.5,920.5,920.5,920.5,0
2025-02-26,920.5,920.5,920.5,920.5,2981
2025-02-27,901.2999877929688,925.0,899.0,923.5,471
2025-02-28,899.7000122070312,900.0,890.0,900.0,9
2025-03-03,951.2000122070312,951.2000122070312,951.2000122070312,951.2000122070312,2
2025-03-04,946.2999877929688,946.2999877929688,946.2999877929688,946.2999877929688,0
2025-03-05,939.4000244140625,939.4000244140625,939.4000244140625,939.4000244140625,0
2025-03-06,942.0,942.0,942.0,942.0,0
2025-03-07,945.7999877929688,952.0,945.7999877929688,952.0,1
2025-03-10,939.7999877929688,959.0,939.7999877929688,959.0,1
2025-03-11,938.2000122070312,938.2000122070312,938.2000122070312,938.2000122070312,0
2025-03-12,943.2000122070312,943.2000122070312,943.2000122070312,943.2000122070312,0
2025-03-13,953.0,953.0,953.0,953.0,0
2025-03-14,962.2999877929688,980.0,959.0,959.0,6
2025-03-17,963.5999755859375,963.5999755859375,963.5999755859375,963.5999755859375,0
2025-03-18,966.2000122070312,966.2000122070312,966.2000122070312,966.2000122070312,0
2025-03-19,949.2000122070312,949.2000122070312,949.2000122070312,949.2000122070312,0
2025-03-20,939.0999755859375,946.0,939.0999755859375,946.0,3
2025-03-21,951.2000122070312,951.2000122070312,951.2000122070312,951.2000122070312,0
2025-03-24,947.7000122070312,949.5,947.7000122070312,948.0,3
2025-03-25,953.7999877929688,961.5,948.5,961.5,2
2025-03-26,962.5,962.5,962.5,962.5,2
2025-03-27,973.7999877929688,974.0,969.0,969.0,13
2025-03-28,974.2999877929688,974.2999877929688,965.0,965.0,3
2025-03-31,991.2000122070312,991.2000122070312,991.2000122070312,991.2000122070312,3
2025-04-01,991.2999877929688,991.2999877929688,991.2999877929688,991.2999877929688,3
2025-04-02,974.5,974.5,974.5,974.5,3
2025-04-03,919.0999755859375,919.0999755859375,919.0999755859375,919.0999755859375,3
2025-04-04,896.2000122070312,896.2000122070312,896.2000122070312,896.2000122070312,3
2025-04-07,876.5999755859375,876.5999755859375,876.5999755859375,876.5999755859375,3
2025-04-08,877.9000244140625,877.9000244140625,877.9000244140625,877.9000244140625,3
2025-04-09,878.0999755859375,878.0999755859375,878.0999755859375,878.0999755859375,3
2025-04-10,888.9000244140625,888.9000244140625,888.9000244140625,888.9000244140625,3
2025-04-11,896.7999877929688,896.7999877929688,896.7999877929688,896.7999877929688,3
2025-04-14,946.5999755859375,946.5999755859375,946.5999755859375,946.5999755859375,3
2025-04-15,968.2000122070312,968.2000122070312,968.2000122070312,968.2000122070312,3
2025-04-16,969.7999877929688,969.7999877929688,969.7999877929688,969.7999877929688,3
2025-04-17,955.4000244140625,955.4000244140625,955.4000244140625,955.4000244140625,3
2025-04-21,925.7000122070312,925.7000122070312,925.7000122070312,925.7000122070312,3
2025-04-22,928.7999877929688,928.7999877929688,928.7999877929688,928.7999877929688,3
2025-04-23,937.7000122070312,937.7000122070312,937.7000122070312,937.7000122070312,3
2025-04-24,947.9000244140625,947.9000244140625,947.9000244140625,947.9000244140625,3
2025-04-25,931.0,931.0,931.0,931.0,3
2025-04-28,943.4000244140625,965.5,943.4000244140625,954.0,8
2025-04-29,932.5,932.5,932.5,932.5,0
2025-04-30,930.2000122070312,930.2000122070312,930.2000122070312,930.2000122070312,0
2025-05-01,939.7000122070312,939.7000122070312,939.7000122070312,939.7000122070312,0
2025-05-02,946.9000244140625,946.9000244140625,946.9000244140625,946.9000244140625,0
2025-05-05,938.5,938.5,938.5,938.5,0
2025-05-06,976.2999877929688,976.2999877929688,976.2999877929688,976.2999877929688,0
2025-05-07,978.2999877929688,978.2999877929688,978.2999877929688,978.2999877929688,0
2025-05-08,979.4000244140625,979.4000244140625,979.4000244140625,979.4000244140625,0
2025-05-09,978.0,978.0,978.0,978.0,0
2025-05-12,938.0,938.0,938.0,938.0,0
2025-05-13,952.2000122070312,952.2000122070312,952.2000122070312,952.2000122070312,0
2025-05-14,950.2999877929688,950.2999877929688,950.2999877929688,950.2999877929688,0
2025-05-15,964.2000122070312,964.2000122070312,964.2000122070312,964.2000122070312,0
2025-05-16,956.7999877929688,956.7999877929688,956.7999877929688,956.7999877929688,0
2025-05-19,979.2000122070312,979.2000122070312,979.2000122070312,979.2000122070312,0
2025-05-20,1021.5999755859375,1021.5999755859375,1021.5999755859375,1021.5999755859375,0
2025-05-21,1046.5999755859375,1046.5999755859375,1046.5999755859375,1046.5999755859375,0
2025-05-22,1024.0,1024.0,1024.0,1024.0,0
2025-05-23,1001.5,1001.5,1001.5,1001.5,0
2025-05-27,977.2999877929688,977.2999877929688,977.2999877929688,977.2999877929688,0
2025-05-28,962.2000122070312,962.2000122070312,962.2000122070312,962.2000122070312,3532
2025-05-29,967.2999877929688,977.0,958.0,962.0,550
2025-05-30,961.2999877929688,961.2999877929688,957.0,960.0,6
2025-06-02,988.5999755859375,996.0,977.0,977.0,10
2025-06-03,1015.0,1015.0,1015.0,1015.0,0
2025-06-04,1000.2999877929688,1014.0,1000.2999877929688,1010.0,27
2025-06-05,1006.5,1038.5,1002.5,1038.5,41
2025-06-06,1060.5999755859375,1060.5999755859375,1060.5999755859375,1060.5999755859375,0
2025-06-09,1084.4000244140625,1106.0,1079.5,1079.5,20
2025-06-10,1068.0,1074.5,1068.0,1074.0,7
2025-06-11,1087.0999755859375,1087.0999755859375,1087.0999755859375,1087.0999755859375,1
2025-06-12,1062.0999755859375,1062.0999755859375,1062.0999755859375,1062.0999755859375,12
2025-06-13,1039.5999755859375,1039.5999755859375,1039.5999755859375,1039.5999755859375,0
2025-06-16,1036.699951171875,1055.5,1032.0,1055.5,10
2025-06-17,1062.300048828125,1062.300048828125,1062.300048828125,1062.300048828125,0
2025-06-18,1061.800048828125,1067.0,1057.0,1057.0,0
2025-06-20,1052.800048828125,1052.800048828125,1046.0,1046.0,1
2025-06-23,1088.5999755859375,1096.0,1088.5999755859375,1088.5999755859375,4
2025-06-24,1067.0,1067.0,1067.0,1067.0,0
2025-06-25,1065.4000244140625,1065.4000244140625,1065.4000244140625,1065.4000244140625,0
2025-06-26,1137.300048828125,1137.300048828125,1137.300048828125,1137.300048828125,82
2025-06-27,1145.5999755859375,1145.5999755859375,1145.5999755859375,1145.5999755859375,2
2025-06-30,1102.0999755859375,1102.0999755859375,1102.0999755859375,1102.0999755859375,0
2025-07-01,1105.5,1105.5,1105.5,1105.5,0
2025-07-02,1157.0,1157.0,1157.0,1157.0,0
2025-07-03,1136.5,1136.5,1136.5,1136.5,0
2025-07-07,1103.699951171875,1103.699951171875,1103.699951171875,1103.699951171875,0
2025-07-08,1110.9000244140625,1110.9000244140625,1110.9000244140625,1110.9000244140625,0
2025-07-09,1130.800048828125,1130.800048828125,1130.800048828125,1130.800048828125,0
2025-07-10,1186.9000244140625,1214.5,1183.5,1183.5,11
2025-07-11,1273.0,1273.0,1273.0,1273.0,0
2025-07-14,1230.5,1230.5,1230.5,1230.5,0
2025-07-15,1239.0,1239.0,1239.0,1239.0,0
2025-07-16,1278.0,1278.0,1278.0,1278.0,0
2025-07-17,1291.0,1300.0,1282.5,1282.5,8
2025-07-18,1291.9000244140625,1360.0,1291.9000244140625,1360.0,5
2025-07-21,1291.4000244140625,1291.4000244140625,1291.4000244140625,1291.4000244140625,0
2025-07-22,1312.9000244140625,1312.9000244140625,1312.9000244140625,1312.9000244140625,0
2025-07-23,1315.5999755859375,1315.5999755859375,1315.5999755859375,1315.5999755859375,0
2025-07-24,1277.0,1277.0,1277.0,1277.0,0
2025-07-25,1243.4000244140625,1243.4000244140625,1243.4000244140625,1243.4000244140625,0
2025-07-28,1280.5,1280.5,1280.5,1280.5,0
2025-07-29,1268.199951171875,1268.199951171875,1268.199951171875,1268.199951171875,17
2025-07-30,1255.199951171875,1255.199951171875,1255.199951171875,1255.199951171875,24
2025-07-31,1196.0999755859375,1196.0999755859375,1196.0999755859375,1196.0999755859375,0
2025-08-01,1207.9000244140625,1207.9000244140625,1207.9000244140625,1207.9000244140625,0
2025-08-04,1194.800048828125,1194.800048828125,1194.800048828125,1194.800048828125,0
2025-08-05,1193.5,1193.5,1193.5,1193.5,0
2025-08-06,1137.4000244140625,1137.4000244140625,1137.4000244140625,1137.4000244140625,0
2025-08-07,1160.9000244140625,1160.9000244140625,1160.9000244140625,1160.9000244140625,0
2025-08-08,1133.199951171875,1133.199951171875,1133.199951171875,1133.199951171875,0
